Date-Time,Temperature-1,Light-1,Temperature-2
1/7/2022 0:00,19.43,0,19.39
1/7/2022 0:01,19.39,0,19.39
1/7/2022 0:02,19.39,0,19.35
1/7/2022 0:03,19.39,0,19.35
1/7/2022 0:04,19.35,0,19.3
1/7/2022 0:05,19.35,0,19.3
1/7/2022 0:06,19.3,0,19.3
1/7/2022 0:07,19.35,0,19.35
1/7/2022 0:08,19.35,0.21,19.3
1/7/2022 0:09,19.3,0,19.35
1/7/2022 0:10,19.3,0,19.3
1/7/2022 0:11,19.3,0,19.26
1/7/2022 0:12,19.26,0,19.26
1/7/2022 0:13,19.26,0,19.26
1/7/2022 0:14,19.3,0,19.17
1/7/2022 0:15,19.26,0,19.26
1/7/2022 0:16,19.22,0,19.26
1/7/2022 0:17,19.26,0,19.22
1/7/2022 0:18,19.26,0,19.17
1/7/2022 0:19,19.26,0,19.17
1/7/2022 0:20,19.22,0,19.22
1/7/2022 0:21,19.26,0,19.22
1/7/2022 0:22,19.22,0,19.22
1/7/2022 0:23,19.22,0,19.13
1/7/2022 0:24,19.17,0,19.17
1/7/2022 0:25,19.17,0,19.13
1/7/2022 0:26,19.22,0,19.17
1/7/2022 0:27,19.17,0,19.13
1/7/2022 0:28,19.17,0,19.17
1/7/2022 0:29,19.22,0,19.17
1/7/2022 0:30,19.17,0,19.17
1/7/2022 0:31,19.17,0,19.13
1/7/2022 0:32,19.22,0,19.13
1/7/2022 0:33,19.17,0,19.13
1/7/2022 0:34,19.17,0,19.17
1/7/2022 0:35,19.13,0,19.17
1/7/2022 0:36,19.13,0,19.09
1/7/2022 0:37,19.13,0,19.09
1/7/2022 0:38,19.13,0,19.09
1/7/2022 0:39,19.13,0,19.09
1/7/2022 0:40,19.13,0,19.13
1/7/2022 0:41,19.13,0,19.09
1/7/2022 0:42,19.17,0,19.13
1/7/2022 0:43,19.13,0,19.09
1/7/2022 0:44,19.13,0,19.13
1/7/2022 0:45,19.13,0,19.05
1/7/2022 0:46,19.17,0.43,19.09
1/7/2022 0:47,19.13,0,19.09
1/7/2022 0:48,19.13,0,19.05
1/7/2022 0:49,19.13,0,19.09
1/7/2022 0:50,19.09,0,19.09
1/7/2022 0:51,19.13,0,19.09
1/7/2022 0:52,19.13,0,19.09
1/7/2022 0:53,19.17,0,19.09
1/7/2022 0:54,19.13,0,19.05
1/7/2022 0:55,19.13,0,19.05
1/7/2022 0:56,19.09,0,19.05
1/7/2022 0:57,19.09,0,19.05
1/7/2022 0:58,19.13,0,19.05
1/7/2022 0:59,19.13,0,19.05
1/7/2022 1:00,19.13,0,19.05
1/7/2022 1:01,19.09,0,19.05
1/7/2022 1:02,19.13,0,19.09
1/7/2022 1:03,19.13,0,19.09
1/7/2022 1:04,19.09,0,19.09
1/7/2022 1:05,19.09,0,19.05
1/7/2022 1:06,19.09,0,19.05
1/7/2022 1:07,19.09,0,19.05
1/7/2022 1:08,19.09,0,19.05
1/7/2022 1:09,19.09,0,19.05
1/7/2022 1:10,19.09,0,19.05
1/7/2022 1:11,19.09,0,19.05
1/7/2022 1:12,19.13,0,19.05
1/7/2022 1:13,19.09,0,19.05
1/7/2022 1:14,19.09,0,19.05
1/7/2022 1:15,19.09,0,19.09
1/7/2022 1:16,19.09,0,19.05
1/7/2022 1:17,19.09,0,19.05
1/7/2022 1:18,19.09,0,19
1/7/2022 1:19,19.09,0,19
1/7/2022 1:20,19.09,0,19.05
1/7/2022 1:21,19.13,0,19.05
1/7/2022 1:22,19.09,0,19.09
1/7/2022 1:23,19.09,0,19
1/7/2022 1:24,19.09,0.43,19.05
1/7/2022 1:25,19.09,0,19.05
1/7/2022 1:26,19.09,0,19.05
1/7/2022 1:27,19.09,0,19
1/7/2022 1:28,19.05,0,19.05
1/7/2022 1:29,19.09,0,19.05
1/7/2022 1:30,19.09,0,19.05
1/7/2022 1:31,19.09,0,19
1/7/2022 1:32,19.09,0,19.05
1/7/2022 1:33,19.09,0,19.05
1/7/2022 1:34,19.05,0,19.09
1/7/2022 1:35,19.09,0,19.05
1/7/2022 1:36,19.09,0,19.05
1/7/2022 1:37,19.05,0,19.05
1/7/2022 1:38,19.09,0,19.09
1/7/2022 1:39,19.09,0,19
1/7/2022 1:40,19.09,0,19.05
1/7/2022 1:41,19.13,0,19
1/7/2022 1:42,19.09,0,19.05
1/7/2022 1:43,19.05,0,19.09
1/7/2022 1:44,19.05,0,19.05
1/7/2022 1:45,19.05,0,19.05
1/7/2022 1:46,19.05,0,19
1/7/2022 1:47,19.09,0,19.05
1/7/2022 1:48,19.09,0,19
1/7/2022 1:49,19.09,0,19.05
1/7/2022 1:50,19.09,0,19.05
1/7/2022 1:51,19.09,0,19.09
1/7/2022 1:52,19.05,0,19.05
1/7/2022 1:53,19.09,0,19.05
1/7/2022 1:54,19.09,0,19.05
1/7/2022 1:55,19.13,0,19.05
1/7/2022 1:56,19.05,0,19.05
1/7/2022 1:57,19.13,0,19
1/7/2022 1:58,19.09,0,19.05
1/7/2022 1:59,19.13,0,19.05
1/7/2022 2:00,19.09,0,19.09
1/7/2022 2:01,19.09,0,19.05
1/7/2022 2:02,19.09,0.43,19.05
1/7/2022 2:03,19.09,0,19.05
1/7/2022 2:04,19.09,0,19.09
1/7/2022 2:05,19.09,0,19.05
1/7/2022 2:06,19.09,0,19.05
1/7/2022 2:07,19.09,0,19.05
1/7/2022 2:08,19.13,0,19.05
1/7/2022 2:09,19.09,0,19.05
1/7/2022 2:10,19.09,0,19
1/7/2022 2:11,19.09,0,19
1/7/2022 2:12,19.09,0,19
1/7/2022 2:13,19.09,0,19.05
1/7/2022 2:14,19.09,0,19.05
1/7/2022 2:15,19.05,0,19.05
1/7/2022 2:16,19.05,0,19.05
1/7/2022 2:17,19.05,0,19.05
1/7/2022 2:18,19.05,0,19.05
1/7/2022 2:19,19.05,0,19
1/7/2022 2:20,19.05,0,19
1/7/2022 2:21,19.05,0,19
1/7/2022 2:22,19.05,0,19
1/7/2022 2:23,19,0,19
1/7/2022 2:24,19,0,19
1/7/2022 2:25,19,0,19
1/7/2022 2:26,19,0,19
1/7/2022 2:27,19.05,0,19
1/7/2022 2:28,19.05,0,18.92
1/7/2022 2:29,19.05,0,18.96
1/7/2022 2:30,19,0,18.96
1/7/2022 2:31,19,0,18.96
1/7/2022 2:32,19,0,19
1/7/2022 2:33,19,0,18.96
1/7/2022 2:34,19,0,18.96
1/7/2022 2:35,19,0,19
1/7/2022 2:36,19,0,18.96
1/7/2022 2:37,19,0,18.96
1/7/2022 2:38,19,0,18.96
1/7/2022 2:39,18.96,0,18.96
1/7/2022 2:40,19,0.43,19
1/7/2022 2:41,19,0,19
1/7/2022 2:42,19,0,19
1/7/2022 2:43,19,0,19
1/7/2022 2:44,19,0,18.96
1/7/2022 2:45,19,0,18.96
1/7/2022 2:46,19,0,18.96
1/7/2022 2:47,19.05,0,18.96
1/7/2022 2:48,19,0,19
1/7/2022 2:49,19,0,18.96
1/7/2022 2:50,19.05,0,18.96
1/7/2022 2:51,19.09,0,19
1/7/2022 2:52,19,0,19
1/7/2022 2:53,19.05,0,19
1/7/2022 2:54,19.05,0,19.05
1/7/2022 2:55,19,0,19
1/7/2022 2:56,19.05,0,19
1/7/2022 2:57,19.05,0,19
1/7/2022 2:58,19.05,0,19
1/7/2022 2:59,19.09,0,19
1/7/2022 3:00,19.09,0,19.05
1/7/2022 3:01,19.05,0,19.05
1/7/2022 3:02,19.09,0,19.09
1/7/2022 3:03,19.09,0,19
1/7/2022 3:04,19.09,0,19.05
1/7/2022 3:05,19.13,0,19.09
1/7/2022 3:06,19.05,0,19.05
1/7/2022 3:07,19.13,0,19.05
1/7/2022 3:08,19.09,0,19
1/7/2022 3:09,19.05,0,19.05
1/7/2022 3:10,19.05,0,19.05
1/7/2022 3:11,19.13,0,19.09
1/7/2022 3:12,19.13,0,19.05
1/7/2022 3:13,19.05,0,19.05
1/7/2022 3:14,19.13,0,19.05
1/7/2022 3:15,19.09,0,19.09
1/7/2022 3:16,19.09,0,19.09
1/7/2022 3:17,19.09,0,19.05
1/7/2022 3:18,19.05,0.43,19.05
1/7/2022 3:19,19.13,0,19.09
1/7/2022 3:20,19.09,0,19.09
1/7/2022 3:21,19.09,0,19.05
1/7/2022 3:22,19.13,0,19.09
1/7/2022 3:23,19.13,0,19.09
1/7/2022 3:24,19.09,0,19.05
1/7/2022 3:25,19.09,0,19.09
1/7/2022 3:26,19.09,0,19.05
1/7/2022 3:27,19.13,0,19.09
1/7/2022 3:28,19.09,0.21,19.09
1/7/2022 3:29,19.09,0.21,19.05
1/7/2022 3:30,19.13,0,19.05
1/7/2022 3:31,19.13,0,19.05
1/7/2022 3:32,19.13,0,19.05
1/7/2022 3:33,19.09,0,19.05
1/7/2022 3:34,19.13,0,19.05
1/7/2022 3:35,19.09,0,19.05
1/7/2022 3:36,19.09,0,19.05
1/7/2022 3:37,19.05,0,19.05
1/7/2022 3:38,19.09,0,19.05
1/7/2022 3:39,19.09,0,19.05
1/7/2022 3:40,19.05,0,19.05
1/7/2022 3:41,19.09,0,19.05
1/7/2022 3:42,19.05,0,19.05
1/7/2022 3:43,19.09,0,19.09
1/7/2022 3:44,19.09,0,19
1/7/2022 3:45,19.09,0,19
1/7/2022 3:46,19.05,0,19.05
1/7/2022 3:47,19.05,0,19.05
1/7/2022 3:48,19.09,0,19
1/7/2022 3:49,19.05,0,19
1/7/2022 3:50,19.05,0,19.05
1/7/2022 3:51,19,0,19.05
1/7/2022 3:52,19.05,0,19
1/7/2022 3:53,19.05,0,18.96
1/7/2022 3:54,19.05,0,19
1/7/2022 3:55,19.05,0,19
1/7/2022 3:56,19.09,0.43,18.96
1/7/2022 3:57,19.05,0,19
1/7/2022 3:58,19,0,18.96
1/7/2022 3:59,19,0,19
1/7/2022 4:00,19,0,18.96
1/7/2022 4:01,19,0,19
1/7/2022 4:02,19,0,18.92
1/7/2022 4:03,19,0,18.96
1/7/2022 4:04,18.96,0,18.96
1/7/2022 4:05,18.96,0,18.96
1/7/2022 4:06,19,0,18.92
1/7/2022 4:07,19,0,18.96
1/7/2022 4:08,18.96,0,18.96
1/7/2022 4:09,18.96,0,18.96
1/7/2022 4:10,18.96,0,18.92
1/7/2022 4:11,19,0,18.96
1/7/2022 4:12,19,0,18.96
1/7/2022 4:13,18.96,0,18.92
1/7/2022 4:14,18.96,0,18.96
1/7/2022 4:15,18.92,0,18.92
1/7/2022 4:16,18.92,0,18.92
1/7/2022 4:17,18.92,0,18.87
1/7/2022 4:18,18.96,0,18.92
1/7/2022 4:19,18.92,0,18.87
1/7/2022 4:20,18.87,0,18.87
1/7/2022 4:21,18.87,0,18.87
1/7/2022 4:22,18.92,0,18.92
1/7/2022 4:23,18.92,0,18.83
1/7/2022 4:24,18.96,0,18.87
1/7/2022 4:25,18.92,0,18.87
1/7/2022 4:26,18.87,0,18.87
1/7/2022 4:27,18.92,0,18.87
1/7/2022 4:28,18.96,0,18.87
1/7/2022 4:29,18.92,0,18.83
1/7/2022 4:30,18.87,0,18.87
1/7/2022 4:31,18.87,0,18.87
1/7/2022 4:32,18.87,0,18.79
1/7/2022 4:33,18.83,0,18.83
1/7/2022 4:34,18.87,0.21,18.83
1/7/2022 4:35,18.87,0,18.79
1/7/2022 4:36,18.87,0,18.83
1/7/2022 4:37,18.87,0,18.79
1/7/2022 4:38,18.83,0,18.79
1/7/2022 4:39,18.87,0,18.83
1/7/2022 4:40,18.87,0,18.83
1/7/2022 4:41,18.87,0,18.87
1/7/2022 4:42,18.92,0,18.87
1/7/2022 4:43,18.92,0,18.87
1/7/2022 4:44,18.96,0,18.87
1/7/2022 4:45,18.96,0,18.87
1/7/2022 4:46,19,0,18.96
1/7/2022 4:47,19.05,0,18.96
1/7/2022 4:48,19.05,0,19.05
1/7/2022 4:49,19.09,0,19.09
1/7/2022 4:50,19.17,0,19.05
1/7/2022 4:51,19.17,0,19.09
1/7/2022 4:52,19.17,0,19.17
1/7/2022 4:53,19.26,0,19.09
1/7/2022 4:54,19.26,0,19.22
1/7/2022 4:55,19.26,0,19.17
1/7/2022 4:56,19.3,0,19.22
1/7/2022 4:57,19.35,0,19.26
1/7/2022 4:58,19.35,0,19.3
1/7/2022 4:59,19.35,0,19.26
1/7/2022 5:00,19.39,0,19.35
1/7/2022 5:01,19.35,0,19.35
1/7/2022 5:02,19.39,0,19.3
1/7/2022 5:03,19.39,0,19.35
1/7/2022 5:04,19.43,0,19.39
1/7/2022 5:05,19.39,0,19.35
1/7/2022 5:06,19.43,0,19.35
1/7/2022 5:07,19.43,0,19.35
1/7/2022 5:08,19.47,0,19.39
1/7/2022 5:09,19.43,0,19.35
1/7/2022 5:10,19.39,0,19.35
1/7/2022 5:11,19.43,0,19.39
1/7/2022 5:12,19.43,0,19.39
1/7/2022 5:13,19.43,0,19.39
1/7/2022 5:14,19.47,0,19.39
1/7/2022 5:15,19.43,0,19.35
1/7/2022 5:16,19.43,0,19.39
1/7/2022 5:17,19.43,0,19.43
1/7/2022 5:18,19.43,0,19.43
1/7/2022 5:19,19.47,0,19.39
1/7/2022 5:20,19.47,0,19.35
1/7/2022 5:21,19.47,0,19.39
1/7/2022 5:22,19.43,0,19.39
1/7/2022 5:23,19.43,0.21,19.35
1/7/2022 5:24,19.43,0.21,19.39
1/7/2022 5:25,19.43,0.21,19.39
1/7/2022 5:26,19.43,0,19.39
1/7/2022 5:27,19.43,0,19.35
1/7/2022 5:28,19.39,0,19.35
1/7/2022 5:29,19.43,0,19.35
1/7/2022 5:30,19.39,0,19.39
1/7/2022 5:31,19.39,0,19.35
1/7/2022 5:32,19.39,0,19.3
1/7/2022 5:33,19.39,0,19.35
1/7/2022 5:34,19.39,0,19.3
1/7/2022 5:35,19.35,0.43,19.3
1/7/2022 5:36,19.35,0,19.3
1/7/2022 5:37,19.35,0,19.35
1/7/2022 5:38,19.35,0,19.26
1/7/2022 5:39,19.35,0,19.26
1/7/2022 5:40,19.35,0,19.3
1/7/2022 5:41,19.35,0,19.3
1/7/2022 5:42,19.3,0,19.3
1/7/2022 5:43,19.3,0,19.3
1/7/2022 5:44,19.35,0,19.26
1/7/2022 5:45,19.3,0,19.22
1/7/2022 5:46,19.3,0,19.26
1/7/2022 5:47,19.26,0,19.26
1/7/2022 5:48,19.26,0,19.26
1/7/2022 5:49,19.26,0,19.22
1/7/2022 5:50,19.3,0,19.22
1/7/2022 5:51,19.26,0,19.17
1/7/2022 5:52,19.26,0,19.22
1/7/2022 5:53,19.26,0,19.22
1/7/2022 5:54,19.22,0,19.22
1/7/2022 5:55,19.22,0,19.17
1/7/2022 5:56,19.3,0,19.17
1/7/2022 5:57,19.26,0,19.17
1/7/2022 5:58,19.26,0,19.22
1/7/2022 5:59,19.26,0,19.17
1/7/2022 6:00,19.26,0,19.22
1/7/2022 6:01,19.35,0,19.26
1/7/2022 6:02,19.3,0,19.3
1/7/2022 6:03,19.35,0,19.3
1/7/2022 6:04,19.35,0,19.35
1/7/2022 6:05,19.35,0,19.3
1/7/2022 6:06,19.43,0,19.39
1/7/2022 6:07,19.39,0,19.35
1/7/2022 6:08,19.39,0,19.35
1/7/2022 6:09,19.39,0,19.39
1/7/2022 6:10,19.43,0,19.39
1/7/2022 6:11,19.43,0,19.39
1/7/2022 6:12,19.47,0,19.39
1/7/2022 6:13,19.47,0.21,19.43
1/7/2022 6:14,19.47,0,19.39
1/7/2022 6:15,19.43,0,19.39
1/7/2022 6:16,19.43,0,19.39
1/7/2022 6:17,19.47,0,19.39
1/7/2022 6:18,19.47,0,19.43
1/7/2022 6:19,19.47,0,19.39
1/7/2022 6:20,19.47,0,19.43
1/7/2022 6:21,19.43,0,19.43
1/7/2022 6:22,19.43,0,19.43
1/7/2022 6:23,19.47,0,19.39
1/7/2022 6:24,19.47,0,19.43
1/7/2022 6:25,19.47,0,19.39
1/7/2022 6:26,19.43,0,19.39
1/7/2022 6:27,19.47,0,19.39
1/7/2022 6:28,19.47,0,19.39
1/7/2022 6:29,19.47,0,19.43
1/7/2022 6:30,19.47,0,19.39
1/7/2022 6:31,19.43,0,19.39
1/7/2022 6:32,19.43,0,19.39
1/7/2022 6:33,19.47,0,19.35
1/7/2022 6:34,19.43,0,19.39
1/7/2022 6:35,19.47,0,19.35
1/7/2022 6:36,19.43,0,19.39
1/7/2022 6:37,19.39,0,19.39
1/7/2022 6:38,19.47,0,19.39
1/7/2022 6:39,19.39,0.21,19.39
1/7/2022 6:40,19.43,0.21,19.39
1/7/2022 6:41,19.43,0,19.35
1/7/2022 6:42,19.43,0,19.35
1/7/2022 6:43,19.43,0,19.35
1/7/2022 6:44,19.39,0,19.35
1/7/2022 6:45,19.35,0,19.35
1/7/2022 6:46,19.35,0,19.3
1/7/2022 6:47,19.39,0.21,19.3
1/7/2022 6:48,19.39,0.21,19.3
1/7/2022 6:49,19.35,0.21,19.3
1/7/2022 6:50,19.35,3.92,19.35
1/7/2022 6:51,19.39,0.65,19.3
1/7/2022 6:52,19.35,0.21,19.3
1/7/2022 6:53,19.35,0.21,19.3
1/7/2022 6:54,19.35,0.43,19.3
1/7/2022 6:55,19.35,0.43,19.3
1/7/2022 6:56,19.3,0.43,19.3
1/7/2022 6:57,19.35,1.3,19.3
1/7/2022 6:58,19.35,0.43,19.26
1/7/2022 6:59,19.3,0.43,19.22
1/7/2022 7:00,19.3,0.65,19.26
1/7/2022 7:01,19.35,0.65,19.26
1/7/2022 7:02,19.3,0.87,19.22
1/7/2022 7:03,19.3,1.08,19.22
1/7/2022 7:04,19.3,1.3,19.22
1/7/2022 7:05,19.26,1.52,19.22
1/7/2022 7:06,19.26,1.96,19.22
1/7/2022 7:07,19.26,2.17,19.22
1/7/2022 7:08,19.26,2.39,19.22
1/7/2022 7:09,19.3,2.61,19.22
1/7/2022 7:10,19.26,3.04,19.17
1/7/2022 7:11,19.22,3.26,19.22
1/7/2022 7:12,19.26,3.7,19.17
1/7/2022 7:13,19.26,4.13,19.13
1/7/2022 7:14,19.26,5,19.22
1/7/2022 7:15,19.3,5.44,19.17
1/7/2022 7:16,19.26,6.09,19.13
1/7/2022 7:17,19.17,6.97,19.22
1/7/2022 7:18,19.26,7.84,19.17
1/7/2022 7:19,19.26,12,19.17
1/7/2022 7:20,19.22,12.44,19.17
1/7/2022 7:21,19.22,12.87,19.13
1/7/2022 7:22,19.17,13.31,19.13
1/7/2022 7:23,19.22,13.74,19.13
1/7/2022 7:24,19.17,14.4,19.13
1/7/2022 7:25,19.17,14.83,19.13
1/7/2022 7:26,19.17,15.49,19.13
1/7/2022 7:27,19.17,15.95,19.13
1/7/2022 7:28,19.13,17.04,19.13
1/7/2022 7:29,19.17,18.78,19.13
1/7/2022 7:30,19.17,21.34,19.13
1/7/2022 7:31,19.17,23.76,19.13
1/7/2022 7:32,19.17,27.06,19.13
1/7/2022 7:33,19.17,32.78,19.13
1/7/2022 7:34,19.17,36.32,19.09
1/7/2022 7:35,19.13,45.02,19.13
1/7/2022 7:36,19.17,52.04,19.17
1/7/2022 7:37,19.17,57.76,19.17
1/7/2022 7:38,19.17,63.04,19.13
1/7/2022 7:39,19.17,63.92,19.17
1/7/2022 7:40,19.22,61.8,19.22
1/7/2022 7:41,19.22,60.88,19.26
1/7/2022 7:42,19.3,56.52,19.26
1/7/2022 7:43,19.3,58.7,19.22
1/7/2022 7:44,19.3,63.04,19.26
1/7/2022 7:45,19.3,67.84,19.26
1/7/2022 7:46,19.35,77.48,19.3
1/7/2022 7:47,19.39,91.04,19.3
1/7/2022 7:48,19.39,101.6,19.35
1/7/2022 7:49,19.43,115.64,19.39
1/7/2022 7:50,19.43,126.2,19.39
1/7/2022 7:51,19.47,134.04,19.39
1/7/2022 7:52,19.47,138.4,19.43
1/7/2022 7:53,19.43,122.6,19.43
1/7/2022 7:54,19.47,111.16,19.39
1/7/2022 7:55,19.47,111.16,19.43
1/7/2022 7:56,19.47,120.88,19.43
1/7/2022 7:57,19.47,126.96,19.43
1/7/2022 7:58,19.52,135.8,19.43
1/7/2022 7:59,19.52,150.6,19.43
1/7/2022 8:00,19.52,161.16,19.47
1/7/2022 8:01,19.52,175.2,19.43
1/7/2022 8:02,19.52,190.96,19.47
1/7/2022 8:03,19.56,208.64,19.47
1/7/2022 8:04,19.52,241.12,19.43
1/7/2022 8:05,19.56,263.76,19.47
1/7/2022 8:06,19.56,260.24,19.52
1/7/2022 8:07,19.56,247.2,19.47
1/7/2022 8:08,19.56,258.48,19.47
1/7/2022 8:09,19.6,303.2,19.47
1/7/2022 8:10,19.6,366.24,19.52
1/7/2022 8:11,19.6,395.04,19.56
1/7/2022 8:12,19.6,427.68,19.6
1/7/2022 8:13,19.6,515.2,19.56
1/7/2022 8:14,19.65,601.92,19.56
1/7/2022 8:15,19.65,677.12,19.56
1/7/2022 8:16,19.69,1083.84,19.6
1/7/2022 8:17,19.77,898.88,19.65
1/7/2022 8:18,19.73,891.2,19.69
1/7/2022 8:19,19.73,935.68,19.65
1/7/2022 8:20,19.77,955.52,19.73
1/7/2022 8:21,19.77,974.08,19.73
1/7/2022 8:22,19.82,1062.72,19.73
1/7/2022 8:23,19.9,2460.16,19.82
1/7/2022 8:24,20.12,2594.56,19.99
1/7/2022 8:25,20.33,2599.68,20.03
1/7/2022 8:26,20.46,2533.12,20.12
1/7/2022 8:27,20.63,2423.68,20.25
1/7/2022 8:28,20.63,757.44,20.29
1/7/2022 8:29,20.59,799.68,20.25
1/7/2022 8:30,20.59,1822.08,20.29
1/7/2022 8:31,20.76,2937.6,20.37
1/7/2022 8:32,20.85,2986.24,20.46
1/7/2022 8:33,20.98,2981.12,20.63
1/7/2022 8:34,21.15,3043.84,20.68
1/7/2022 8:35,21.23,3079.68,20.8
1/7/2022 8:36,21.32,3110.4,20.98
1/7/2022 8:37,21.45,3127.04,21.06
1/7/2022 8:38,21.58,3164.16,21.23
1/7/2022 8:39,21.66,3219.2,21.4
1/7/2022 8:40,21.79,3281.92,21.66
1/7/2022 8:41,21.88,3470.08,21.83
1/7/2022 8:42,22.01,3909.12,22.09
1/7/2022 8:43,22.13,4851.2,22.26
1/7/2022 8:44,22.43,6243.84,22.39
1/7/2022 8:45,22.61,8043.52,22.56
1/7/2022 8:46,22.91,9597.44,22.65
1/7/2022 8:47,23.29,10593.28,22.69
1/7/2022 8:48,23.59,11084.8,22.73
1/7/2022 8:49,23.89,11351.04,22.78
1/7/2022 8:50,24.15,11136,22.86
1/7/2022 8:51,24.41,10629.12,22.86
1/7/2022 8:52,24.62,9804.8,22.95
1/7/2022 8:53,24.71,8250.88,23.12
1/7/2022 8:54,24.92,6842.88,23.16
1/7/2022 8:55,24.97,5335.04,23.42
1/7/2022 8:56,25.01,4471.04,23.64
1/7/2022 8:57,25.09,4230.4,23.85
1/7/2022 8:58,25.09,4293.12,24.06
1/7/2022 8:59,25.22,4704,24.24
1/7/2022 9:00,25.27,5555.2,24.45
1/7/2022 9:01,25.44,6950.4,24.54
1/7/2022 9:02,25.61,8634.88,24.66
1/7/2022 9:03,25.78,10370.56,24.66
1/7/2022 9:04,26.04,12006.4,24.62
1/7/2022 9:05,26.25,13260.8,24.66
1/7/2022 9:06,26.42,13895.68,24.58
1/7/2022 9:07,26.68,14146.56,24.54
1/7/2022 9:08,26.85,14090.24,24.54
1/7/2022 9:09,27.02,13378.56,24.62
1/7/2022 9:10,27.11,12277.76,24.71
1/7/2022 9:11,27.2,11136,24.84
1/7/2022 9:12,27.28,9569.28,25.05
1/7/2022 9:13,27.28,7644.16,25.27
1/7/2022 9:14,27.24,6156.8,25.48
1/7/2022 9:15,27.2,5164.8,25.74
1/7/2022 9:16,27.2,4864,25.91
1/7/2022 9:17,27.15,5128.96,26.08
1/7/2022 9:18,27.2,5854.72,26.17
1/7/2022 9:19,27.24,7316.48,26.17
1/7/2022 9:20,27.28,9249.28,26.17
1/7/2022 9:21,27.45,11407.36,26.17
1/7/2022 9:22,27.63,13199.36,26.08
1/7/2022 9:23,27.75,14110.72,25.95
1/7/2022 9:24,27.97,14776.32,25.87
1/7/2022 9:25,28.14,14356.48,25.82
1/7/2022 9:26,28.14,13685.76,25.78
1/7/2022 9:27,28.31,12953.6,25.95
1/7/2022 9:28,28.31,12482.56,26.04
1/7/2022 9:29,28.31,12549.12,26.17
1/7/2022 9:30,28.35,11197.44,26.38
1/7/2022 9:31,28.44,9367.04,26.64
1/7/2022 9:32,28.44,7603.2,26.9
1/7/2022 9:33,28.31,6215.68,27.07
1/7/2022 9:34,28.27,5378.56,27.2
1/7/2022 9:35,28.23,5969.92,27.15
1/7/2022 9:36,28.23,6558.72,27.32
1/7/2022 9:37,28.27,8348.16,27.24
1/7/2022 9:38,28.35,10531.84,27.24
1/7/2022 9:39,28.48,12538.88,27.11
1/7/2022 9:40,28.61,14351.36,27.02
1/7/2022 9:41,28.87,15713.28,26.85
1/7/2022 9:42,29.04,16476.16,26.81
1/7/2022 9:43,29.21,17018.88,26.85
1/7/2022 9:44,29.34,17249.28,26.98
1/7/2022 9:45,29.47,17228.8,27.15
1/7/2022 9:46,29.51,16404.48,27.37
1/7/2022 9:47,29.6,15068.16,27.63
1/7/2022 9:48,29.64,12953.6,27.84
1/7/2022 9:49,29.6,11228.16,28.1
1/7/2022 9:50,29.6,9254.4,28.27
1/7/2022 9:51,29.47,7303.68,28.35
1/7/2022 9:52,29.43,6031.36,28.4
1/7/2022 9:53,29.34,6039.04,28.44
1/7/2022 9:54,29.26,7042.56,28.31
1/7/2022 9:55,29.26,8711.68,28.18
1/7/2022 9:56,29.26,10869.76,27.97
1/7/2022 9:57,29.34,12887.04,27.75
1/7/2022 9:58,29.43,14760.96,27.58
1/7/2022 9:59,29.56,16465.92,27.45
1/7/2022 10:00,29.64,17505.28,27.37
1/7/2022 10:01,29.81,17720.32,27.41
1/7/2022 10:02,29.81,17054.72,27.32
1/7/2022 10:03,29.68,16337.92,27.28
1/7/2022 10:04,29.68,14720,27.15
1/7/2022 10:05,29.64,11909.12,27.07
1/7/2022 10:06,29.56,8238.08,27.02
1/7/2022 10:07,29.26,6072.32,26.94
1/7/2022 10:08,29,5027.84,26.85
1/7/2022 10:09,28.65,4561.92,26.77
1/7/2022 10:10,28.4,4432.64,26.68
1/7/2022 10:11,28.27,4220.16,26.72
1/7/2022 10:12,28.14,4192,26.64
1/7/2022 10:13,28.01,4160,26.64
1/7/2022 10:14,27.88,4226.56,26.64
1/7/2022 10:15,27.8,4167.68,26.64
1/7/2022 10:16,27.67,4121.6,26.64
1/7/2022 10:17,27.58,4104.96,26.6
1/7/2022 10:18,27.5,4084.48,26.64
1/7/2022 10:19,27.45,4104.96,26.55
1/7/2022 10:20,27.41,4058.88,26.6
1/7/2022 10:21,27.41,4058.88,26.6
1/7/2022 10:22,27.28,4076.8,26.6
1/7/2022 10:23,27.28,4072.96,26.6
1/7/2022 10:24,27.28,4090.88,26.6
1/7/2022 10:25,27.2,4216.32,26.55
1/7/2022 10:26,27.2,4133.12,26.6
1/7/2022 10:27,27.2,4192,26.6
1/7/2022 10:28,27.15,4192,26.64
1/7/2022 10:29,27.2,4212.48,26.68
1/7/2022 10:30,27.15,4240.64,26.6
1/7/2022 10:31,27.11,4258.56,26.64
1/7/2022 10:32,27.15,4216.32,26.64
1/7/2022 10:33,27.07,4192,26.64
1/7/2022 10:34,27.11,4226.56,26.64
1/7/2022 10:35,27.11,4167.68,26.68
1/7/2022 10:36,27.15,4119.04,26.64
1/7/2022 10:37,27.11,4108.8,26.64
1/7/2022 10:38,27.11,4198.4,26.68
1/7/2022 10:39,27.11,4111.36,26.68
1/7/2022 10:40,27.11,4111.36,26.72
1/7/2022 10:41,27.11,4108.8,26.72
1/7/2022 10:42,27.11,4160,26.68
1/7/2022 10:43,27.11,4177.92,26.72
1/7/2022 10:44,27.07,4163.84,26.81
1/7/2022 10:45,27.11,4188.16,26.77
1/7/2022 10:46,27.11,4188.16,26.77
1/7/2022 10:47,27.11,4198.4,26.85
1/7/2022 10:48,27.15,4202.24,26.9
1/7/2022 10:49,27.15,4202.24,26.9
1/7/2022 10:50,27.2,4157.44,26.94
1/7/2022 10:51,27.2,4250.88,26.98
1/7/2022 10:52,27.28,4289.28,27.07
1/7/2022 10:53,27.24,4279.04,27.07
1/7/2022 10:54,27.28,4261.12,27.11
1/7/2022 10:55,27.32,4275.2,27.2
1/7/2022 10:56,27.41,4258.56,27.28
1/7/2022 10:57,27.41,4222.72,27.32
1/7/2022 10:58,27.45,4272.64,27.41
1/7/2022 10:59,27.5,4268.8,27.45
1/7/2022 11:00,27.5,4303.36,27.45
1/7/2022 11:01,27.5,4327.68,27.54
1/7/2022 11:02,27.5,4337.92,27.63
1/7/2022 11:03,27.54,4582.4,27.63
1/7/2022 11:04,27.58,4400.64,27.71
1/7/2022 11:05,27.63,4424.96,27.75
1/7/2022 11:06,27.71,4446.72,27.84
1/7/2022 11:07,27.71,4460.8,27.88
1/7/2022 11:08,27.75,4505.6,27.93
1/7/2022 11:09,27.8,4582.4,27.88
1/7/2022 11:10,27.84,4721.92,28.01
1/7/2022 11:11,27.88,4899.84,28.1
1/7/2022 11:12,27.93,5167.36,28.05
1/7/2022 11:13,27.97,5491.2,28.05
1/7/2022 11:14,27.97,5800.96,28.14
1/7/2022 11:15,28.05,6023.68,28.14
1/7/2022 11:16,28.05,6090.24,28.1
1/7/2022 11:17,28.14,6044.16,28.18
1/7/2022 11:18,28.14,5941.76,28.18
1/7/2022 11:19,28.18,5731.84,28.18
1/7/2022 11:20,28.23,5504,28.18
1/7/2022 11:21,28.23,5396.48,28.23
1/7/2022 11:22,28.27,5268.48,28.23
1/7/2022 11:23,28.23,5227.52,28.23
1/7/2022 11:24,28.27,5143.04,28.18
1/7/2022 11:25,28.27,5347.84,28.18
1/7/2022 11:26,28.31,5429.76,28.18
1/7/2022 11:27,28.27,5568,28.27
1/7/2022 11:28,28.27,5675.52,28.23
1/7/2022 11:29,28.31,5772.8,28.23
1/7/2022 11:30,28.35,5836.8,28.23
1/7/2022 11:31,28.35,5946.88,28.18
1/7/2022 11:32,28.4,6005.76,28.18
1/7/2022 11:33,28.4,6021.12,28.14
1/7/2022 11:34,28.35,5934.08,28.14
1/7/2022 11:35,28.35,5867.52,28.1
1/7/2022 11:36,28.31,5744.64,28.05
1/7/2022 11:37,28.35,5557.76,28.1
1/7/2022 11:38,28.31,5363.2,28.1
1/7/2022 11:39,28.35,5309.44,28.05
1/7/2022 11:40,28.35,5219.84,28.01
1/7/2022 11:41,28.31,5195.52,28.01
1/7/2022 11:42,28.35,5248,28.05
1/7/2022 11:43,28.31,5271.04,28.01
1/7/2022 11:44,28.35,5250.56,28.01
1/7/2022 11:45,28.31,5319.68,28.01
1/7/2022 11:46,28.27,5213.44,28.01
1/7/2022 11:47,28.27,4948.48,28.05
1/7/2022 11:48,28.27,4627.2,28.05
1/7/2022 11:49,28.27,4499.2,28.1
1/7/2022 11:50,28.31,4485.12,28.1
1/7/2022 11:51,28.23,4366.08,28.14
1/7/2022 11:52,28.23,4341.76,28.14
1/7/2022 11:53,28.27,4380.16,28.14
1/7/2022 11:54,28.27,4323.84,28.14
1/7/2022 11:55,28.23,4285.44,28.18
1/7/2022 11:56,28.23,4296.96,28.23
1/7/2022 11:57,28.27,4282.88,28.23
1/7/2022 11:58,28.27,4299.52,28.23
1/7/2022 11:59,28.27,4296.96,28.23
1/7/2022 12:00,28.31,4313.6,28.27
1/7/2022 12:01,28.27,4335.36,28.27
1/7/2022 12:02,28.31,4323.84,28.31
1/7/2022 12:03,28.35,4299.52,28.31
1/7/2022 12:04,28.31,4279.04,28.31
1/7/2022 12:05,28.31,4261.12,28.27
1/7/2022 12:06,28.27,4272.64,28.27
1/7/2022 12:07,28.31,4261.12,28.31
1/7/2022 12:08,28.31,4258.56,28.31
1/7/2022 12:09,28.27,4275.2,28.35
1/7/2022 12:10,28.35,4234.24,28.4
1/7/2022 12:11,28.35,4230.4,28.4
1/7/2022 12:12,28.35,4230.4,28.44
1/7/2022 12:13,28.35,4220.16,28.44
1/7/2022 12:14,28.35,4220.16,28.44
1/7/2022 12:15,28.35,4230.4,28.44
1/7/2022 12:16,28.35,4230.4,28.44
1/7/2022 12:17,28.4,4188.16,28.48
1/7/2022 12:18,28.35,4167.68,28.48
1/7/2022 12:19,28.31,4147.2,28.44
1/7/2022 12:20,28.35,4129.28,28.44
1/7/2022 12:21,28.35,4149.76,28.48
1/7/2022 12:22,28.4,4133.12,28.53
1/7/2022 12:23,28.4,4125.44,28.53
1/7/2022 12:24,28.4,4108.8,28.53
1/7/2022 12:25,28.4,4094.72,28.57
1/7/2022 12:26,28.4,4094.72,28.57
1/7/2022 12:27,28.4,4101.12,28.57
1/7/2022 12:28,28.4,4046.08,28.53
1/7/2022 12:29,28.4,4076.8,28.53
1/7/2022 12:30,28.44,4104.96,28.53
1/7/2022 12:31,28.4,4066.56,28.57
1/7/2022 12:32,28.4,4087.04,28.57
1/7/2022 12:33,28.4,4125.44,28.53
1/7/2022 12:34,28.35,4119.04,28.48
1/7/2022 12:35,28.44,4094.72,28.57
1/7/2022 12:36,28.31,1195.2,28.48
1/7/2022 12:37,28.27,4072.96,28.31
1/7/2022 12:38,28.27,4010.24,28.35
1/7/2022 12:39,28.27,3923.2,28.35
1/7/2022 12:40,28.27,3933.44,28.35
1/7/2022 12:41,28.27,3860.48,28.4
1/7/2022 12:42,28.27,3898.88,28.4
1/7/2022 12:43,28.27,3909.12,28.4
1/7/2022 12:44,28.31,3896.32,28.44
1/7/2022 12:45,28.31,3864.32,28.44
1/7/2022 12:46,28.31,3933.44,28.44
1/7/2022 12:47,28.31,3846.4,28.48
1/7/2022 12:48,28.31,3797.76,28.48
1/7/2022 12:49,28.27,3832.32,28.44
1/7/2022 12:50,28.31,3843.84,28.48
1/7/2022 12:51,28.31,3805.44,28.53
1/7/2022 12:52,28.35,3857.92,28.53
1/7/2022 12:53,28.35,3795.2,28.53
1/7/2022 12:54,28.31,3801.6,28.53
1/7/2022 12:55,28.31,3819.52,28.53
1/7/2022 12:56,28.31,3832.32,28.53
1/7/2022 12:57,28.35,3791.36,28.53
1/7/2022 12:58,28.35,3825.92,28.61
1/7/2022 12:59,28.35,3832.32,28.61
1/7/2022 13:00,28.31,3819.52,28.61
1/7/2022 13:01,28.31,3822.08,28.61
1/7/2022 13:02,28.4,3808,28.65
1/7/2022 13:03,28.35,3783.68,28.61
1/7/2022 13:04,28.31,3783.68,28.61
1/7/2022 13:05,28.35,3787.52,28.65
1/7/2022 13:06,28.31,3791.36,28.57
1/7/2022 13:07,28.27,3791.36,28.61
1/7/2022 13:08,28.31,3769.6,28.61
1/7/2022 13:09,28.27,3777.28,28.61
1/7/2022 13:10,28.27,3783.68,28.65
1/7/2022 13:11,28.27,3787.52,28.61
1/7/2022 13:12,28.31,3777.28,28.61
1/7/2022 13:13,28.27,3769.6,28.61
1/7/2022 13:14,28.23,3791.36,28.61
1/7/2022 13:15,28.27,3797.76,28.61
1/7/2022 13:16,28.23,3783.68,28.53
1/7/2022 13:17,28.23,3783.68,28.57
1/7/2022 13:18,28.27,3781.12,28.57
1/7/2022 13:19,28.23,3777.28,28.57
1/7/2022 13:20,28.18,3769.6,28.57
1/7/2022 13:21,28.18,3763.2,28.57
1/7/2022 13:22,28.18,3749.12,28.53
1/7/2022 13:23,28.18,3718.4,28.53
1/7/2022 13:24,28.23,3752.96,28.53
1/7/2022 13:25,28.18,3756.8,28.57
1/7/2022 13:26,28.14,3749.12,28.57
1/7/2022 13:27,28.14,3752.96,28.53
1/7/2022 13:28,28.14,3749.12,28.57
1/7/2022 13:29,28.14,3749.12,28.57
1/7/2022 13:30,28.14,3745.28,28.57
1/7/2022 13:31,28.14,3742.72,28.57
1/7/2022 13:32,28.1,3696.64,28.57
1/7/2022 13:33,28.05,3706.88,28.53
1/7/2022 13:34,28.1,3724.8,28.57
1/7/2022 13:35,28.1,3720.96,28.53
1/7/2022 13:36,28.05,3720.96,28.57
1/7/2022 13:37,28.05,3704.32,28.57
1/7/2022 13:38,28.05,3686.4,28.53
1/7/2022 13:39,28.05,3690.24,28.57
1/7/2022 13:40,28.05,3658.24,28.57
1/7/2022 13:41,28.05,3672.32,28.57
1/7/2022 13:42,28.05,3662.08,28.53
1/7/2022 13:43,28.05,3623.68,28.57
1/7/2022 13:44,28.05,3631.36,28.57
1/7/2022 13:45,28.01,3599.36,28.53
1/7/2022 13:46,27.97,3578.88,28.57
1/7/2022 13:47,27.97,3541.76,28.57
1/7/2022 13:48,27.97,3541.76,28.57
1/7/2022 13:49,27.97,3513.6,28.53
1/7/2022 13:50,27.93,3459.84,28.57
1/7/2022 13:51,27.93,3462.4,28.57
1/7/2022 13:52,27.93,3412.48,28.53
1/7/2022 13:53,27.93,3371.52,28.53
1/7/2022 13:54,27.88,3358.72,28.53
1/7/2022 13:55,27.84,3260.16,28.48
1/7/2022 13:56,27.8,3083.52,28.44
1/7/2022 13:57,27.8,3178.24,28.4
1/7/2022 13:58,27.75,3048.96,28.4
1/7/2022 13:59,27.71,2968.32,28.27
1/7/2022 14:00,27.67,2954.24,28.27
1/7/2022 14:01,27.67,2881.28,28.27
1/7/2022 14:02,27.58,2711.04,28.18
1/7/2022 14:03,27.54,2736.64,28.14
1/7/2022 14:04,27.54,2745.6,28.1
1/7/2022 14:05,27.5,2708.48,28.01
1/7/2022 14:06,27.41,2670.08,28.01
1/7/2022 14:07,27.45,2620.16,27.93
1/7/2022 14:08,27.41,2595.84,27.88
1/7/2022 14:09,27.28,2601.6,27.84
1/7/2022 14:10,27.28,2463.36,27.75
1/7/2022 14:11,27.24,2423.68,27.75
1/7/2022 14:12,27.15,2294.4,27.67
1/7/2022 14:13,27.11,2331.52,27.58
1/7/2022 14:14,27.11,2287.36,27.54
1/7/2022 14:15,27.07,2221.44,27.5
1/7/2022 14:16,26.98,1937.28,27.41
1/7/2022 14:17,26.9,2184.96,27.37
1/7/2022 14:18,26.77,755.52,27.24
1/7/2022 14:19,26.77,2177.92,27.15
1/7/2022 14:20,26.72,2080,27.15
1/7/2022 14:21,26.68,2060.8,27.11
1/7/2022 14:22,26.55,2083.84,27.02
1/7/2022 14:23,26.6,2174.08,26.98
1/7/2022 14:24,26.55,2129.28,26.98
1/7/2022 14:25,26.51,2168.96,26.98
1/7/2022 14:26,26.51,2078.72,26.98
1/7/2022 14:27,26.42,2118.4,26.94
1/7/2022 14:28,26.42,2195.2,26.9
1/7/2022 14:29,26.38,2190.08,26.9
1/7/2022 14:30,26.38,2129.28,26.85
1/7/2022 14:31,26.38,2139.52,26.85
1/7/2022 14:32,26.25,2021.12,26.85
1/7/2022 14:33,26.3,2008.96,26.77
1/7/2022 14:34,26.25,1949.44,26.72
1/7/2022 14:35,26.25,2054.4,26.72
1/7/2022 14:36,26.17,861.44,26.64
1/7/2022 14:37,26.12,1332.48,26.6
1/7/2022 14:38,26.17,1893.76,26.6
1/7/2022 14:39,26.04,1480.96,26.51
1/7/2022 14:40,25.91,807.36,26.42
1/7/2022 14:41,25.99,1384.32,26.42
1/7/2022 14:42,25.95,1862.4,26.34
1/7/2022 14:43,25.91,2216.32,26.38
1/7/2022 14:44,25.91,2254.72,26.38
1/7/2022 14:45,25.91,2357.12,26.38
1/7/2022 14:46,25.87,2257.92,26.34
1/7/2022 14:47,25.87,2301.44,26.38
1/7/2022 14:48,25.87,2184.96,26.38
1/7/2022 14:49,25.87,2254.72,26.34
1/7/2022 14:50,25.87,2183.04,26.38
1/7/2022 14:51,25.87,2170.88,26.34
1/7/2022 14:52,25.87,2132.48,26.34
1/7/2022 14:53,25.82,2106.24,26.3
1/7/2022 14:54,25.78,2080,26.3
1/7/2022 14:55,25.82,2047.36,26.3
1/7/2022 14:56,25.78,1992.96,26.21
1/7/2022 14:57,25.74,1989.76,26.21
1/7/2022 14:58,25.74,1954.56,26.21
1/7/2022 14:59,25.65,1925.12,26.17
1/7/2022 15:00,25.65,1939.2,26.17
1/7/2022 15:01,25.65,1883.52,26.12
1/7/2022 15:02,25.65,1904,26.08
1/7/2022 15:03,25.61,1897.6,26.04
1/7/2022 15:04,25.65,1869.44,26.04
1/7/2022 15:05,25.61,1853.44,25.99
1/7/2022 15:06,25.57,1841.28,25.99
1/7/2022 15:07,25.52,1801.6,25.95
1/7/2022 15:08,25.48,1749.12,25.95
1/7/2022 15:09,25.48,1683.2,25.87
1/7/2022 15:10,25.44,819.84,25.82
1/7/2022 15:11,25.35,698.56,25.78
1/7/2022 15:12,25.31,1543.68,25.74
1/7/2022 15:13,25.27,728.64,25.69
1/7/2022 15:14,25.18,1101.12,25.61
1/7/2022 15:15,25.18,1809.92,25.57
1/7/2022 15:16,25.22,1803.52,25.61
1/7/2022 15:17,25.18,1174.4,25.61
1/7/2022 15:18,25.22,1780.48,25.61
1/7/2022 15:19,25.22,1848.32,25.57
1/7/2022 15:20,25.22,1808.64,25.61
1/7/2022 15:21,25.22,1841.28,25.61
1/7/2022 15:22,25.22,1845.12,25.65
1/7/2022 15:23,25.18,1847.04,25.65
1/7/2022 15:24,25.18,1794.56,25.57
1/7/2022 15:25,25.18,1752.96,25.61
1/7/2022 15:26,25.22,1726.72,25.57
1/7/2022 15:27,25.18,1714.56,25.57
1/7/2022 15:28,25.18,1696,25.57
1/7/2022 15:29,25.18,1703.68,25.57
1/7/2022 15:30,25.14,1661.44,25.57
1/7/2022 15:31,25.14,1659.52,25.52
1/7/2022 15:32,25.09,1660.16,25.48
1/7/2022 15:33,25.09,1667.2,25.48
1/7/2022 15:34,25.05,1661.44,25.48
1/7/2022 15:35,25.09,1645.44,25.48
1/7/2022 15:36,25.05,1656.96,25.44
1/7/2022 15:37,25.14,1667.2,25.48
1/7/2022 15:38,25.05,1679.36,25.48
1/7/2022 15:39,25.05,1736.96,25.48
1/7/2022 15:40,25.09,1710.72,25.52
1/7/2022 15:41,25.05,1731.84,25.44
1/7/2022 15:42,25.05,1752.96,25.48
1/7/2022 15:43,25.05,1822.08,25.48
1/7/2022 15:44,25.01,1792.64,25.44
1/7/2022 15:45,25.05,1736.96,25.52
1/7/2022 15:46,25.05,1740.8,25.48
1/7/2022 15:47,25.05,1717.76,25.48
1/7/2022 15:48,25.01,1705.6,25.44
1/7/2022 15:49,25.09,1620.48,25.48
1/7/2022 15:50,25.05,1609.6,25.48
1/7/2022 15:51,25.05,1436.16,25.52
1/7/2022 15:52,25.05,1555.2,25.48
1/7/2022 15:53,25.01,1553.92,25.48
1/7/2022 15:54,25.05,1531.52,25.48
1/7/2022 15:55,25.01,1525.12,25.48
1/7/2022 15:56,25.01,1484.16,25.39
1/7/2022 15:57,25.01,1452.16,25.44
1/7/2022 15:58,24.97,1447.68,25.48
1/7/2022 15:59,24.97,1406.72,25.39
1/7/2022 16:00,24.97,1365.76,25.44
1/7/2022 16:01,24.92,1358.72,25.35
1/7/2022 16:02,24.92,1312,25.35
1/7/2022 16:03,24.88,1299.84,25.39
1/7/2022 16:04,24.88,1285.76,25.31
1/7/2022 16:05,24.88,1278.72,25.31
1/7/2022 16:06,24.84,1272.64,25.27
1/7/2022 16:07,24.84,1248.32,25.22
1/7/2022 16:08,24.79,1239.68,25.22
1/7/2022 16:09,24.79,1218.88,25.18
1/7/2022 16:10,24.79,1193.6,25.18
1/7/2022 16:11,24.79,1164.8,25.14
1/7/2022 16:12,24.71,1122.88,25.14
1/7/2022 16:13,24.71,1074.88,25.14
1/7/2022 16:14,24.66,1040,25.09
1/7/2022 16:15,24.66,994.88,25.05
1/7/2022 16:16,24.58,921.6,25.01
1/7/2022 16:17,24.54,799.68,24.92
1/7/2022 16:18,24.54,634.24,24.88
1/7/2022 16:19,24.41,494.88,24.79
1/7/2022 16:20,24.41,411.2,24.66
1/7/2022 16:21,24.28,360,24.62
1/7/2022 16:22,24.19,323.2,24.54
1/7/2022 16:23,24.15,300.32,24.45
1/7/2022 16:24,24.06,288.16,24.41
1/7/2022 16:25,23.98,279.44,24.32
1/7/2022 16:26,23.89,271.6,24.24
1/7/2022 16:27,23.94,265.28,24.19
1/7/2022 16:28,23.81,257.44,24.11
1/7/2022 16:29,23.81,248.72,24.06
1/7/2022 16:30,23.72,239.12,23.98
1/7/2022 16:31,23.64,233.92,23.89
1/7/2022 16:32,23.59,226.72,23.85
1/7/2022 16:33,23.55,217.12,23.81
1/7/2022 16:34,23.51,211.04,23.72
1/7/2022 16:35,23.42,203.2,23.68
1/7/2022 16:36,23.42,195.36,23.64
1/7/2022 16:37,23.38,189.04,23.55
1/7/2022 16:38,23.34,180.32,23.46
1/7/2022 16:39,23.29,172.48,23.46
1/7/2022 16:40,23.16,164.64,23.42
1/7/2022 16:41,23.21,158.44,23.38
1/7/2022 16:42,23.12,150.6,23.34
1/7/2022 16:43,23.08,142.76,23.29
1/7/2022 16:44,23.03,137.44,23.21
1/7/2022 16:45,23.03,128.72,23.16
1/7/2022 16:46,22.95,122.6,23.12
1/7/2022 16:47,22.86,116.4,23.08
1/7/2022 16:48,22.91,109.44,22.99
1/7/2022 16:49,22.86,101.6,22.99
1/7/2022 16:50,22.82,96.24,22.99
1/7/2022 16:51,22.73,88.4,22.91
1/7/2022 16:52,22.73,82.32,22.82
1/7/2022 16:53,22.73,77.04,22.73
1/7/2022 16:54,22.69,72.2,22.78
1/7/2022 16:55,22.61,66.54,22.69
1/7/2022 16:56,22.56,61.68,22.69
1/7/2022 16:57,22.56,56.02,22.65
1/7/2022 16:58,22.56,52.04,22.56
1/7/2022 16:59,22.48,47.26,22.56
1/7/2022 17:00,22.48,43.28,22.56
1/7/2022 17:01,22.43,38.93,22.43
1/7/2022 17:02,22.43,35.01,22.43
1/7/2022 17:03,22.31,31.91,22.39
1/7/2022 17:04,22.31,27.36,22.43
1/7/2022 17:05,22.31,24.28,22.35
1/7/2022 17:06,22.26,21.64,22.35
1/7/2022 17:07,22.26,19.24,22.31
1/7/2022 17:08,22.26,16.6,22.22
1/7/2022 17:09,22.18,14.43,22.26
1/7/2022 17:10,22.13,12.66,22.18
1/7/2022 17:11,22.13,11.54,22.18
1/7/2022 17:12,22.09,9.8,22.09
1/7/2022 17:13,22.09,8.27,22.09
1/7/2022 17:14,22.05,6.97,22.09
1/7/2022 17:15,22.01,5.66,22.05
1/7/2022 17:16,22.01,4.79,22.01
1/7/2022 17:17,22.01,7.62,22.01
1/7/2022 17:18,21.92,6.97,21.96
1/7/2022 17:19,21.92,6.31,21.92
1/7/2022 17:20,21.88,5.66,21.92
1/7/2022 17:21,21.88,5.22,21.92
1/7/2022 17:22,21.88,5,21.88
1/7/2022 17:23,21.83,4.57,21.83
1/7/2022 17:24,21.83,4.35,21.79
1/7/2022 17:25,21.79,4.35,21.83
1/7/2022 17:26,21.79,4.13,21.83
1/7/2022 17:27,21.7,4.13,21.75
1/7/2022 17:28,21.79,3.92,21.7
1/7/2022 17:29,21.7,3.92,21.7
1/7/2022 17:30,21.75,3.92,21.7
1/7/2022 17:31,21.7,3.7,21.62
1/7/2022 17:32,21.66,3.7,21.66
1/7/2022 17:33,21.66,3.7,21.66
1/7/2022 17:34,21.66,3.7,21.62
1/7/2022 17:35,21.62,3.26,21.62
1/7/2022 17:36,21.62,3.48,21.53
1/7/2022 17:37,21.58,3.48,21.58
1/7/2022 17:38,21.58,3.48,21.58
1/7/2022 17:39,21.58,3.48,21.58
1/7/2022 17:40,21.58,3.48,21.53
1/7/2022 17:41,21.58,3.48,21.53
1/7/2022 17:42,21.53,3.48,21.53
1/7/2022 17:43,21.53,3.48,21.49
1/7/2022 17:44,21.53,3.48,21.49
1/7/2022 17:45,21.49,3.92,21.53
1/7/2022 17:46,21.49,3.48,21.49
1/7/2022 17:47,21.49,3.48,21.49
1/7/2022 17:48,21.49,3.48,21.4
1/7/2022 17:49,21.45,3.48,21.45
1/7/2022 17:50,21.45,3.48,21.4
1/7/2022 17:51,21.49,3.48,21.4
1/7/2022 17:52,21.49,3.48,21.4
1/7/2022 17:53,21.45,3.48,21.4
1/7/2022 17:54,21.4,3.48,21.4
1/7/2022 17:55,21.45,3.48,21.36
1/7/2022 17:56,21.45,3.48,21.4
1/7/2022 17:57,21.4,3.48,21.36
1/7/2022 17:58,21.45,83.44,21.4
1/7/2022 17:59,21.45,84.32,21.36
1/7/2022 18:00,21.45,83.44,21.36
1/7/2022 18:01,21.4,83.88,21.36
1/7/2022 18:02,21.45,84.76,21.36
1/7/2022 18:03,21.4,83.08,21.4
1/7/2022 18:04,21.4,83.04,21.36
1/7/2022 18:05,21.4,82.6,21.36
1/7/2022 18:06,21.4,82.2,21.36
1/7/2022 18:07,21.45,82.6,21.32
1/7/2022 18:08,21.4,83.44,21.36
1/7/2022 18:09,21.36,82.6,21.32
1/7/2022 18:10,21.36,83.04,21.32
1/7/2022 18:11,21.36,82.16,21.32
1/7/2022 18:12,21.36,81.34,21.32
1/7/2022 18:13,21.36,82.6,21.32
1/7/2022 18:14,21.36,81.72,21.32
1/7/2022 18:15,21.36,81.72,21.32
1/7/2022 18:16,21.36,82.16,21.28
1/7/2022 18:17,21.4,81.72,21.32
1/7/2022 18:18,21.4,81.72,21.32
1/7/2022 18:19,21.36,82.08,21.28
1/7/2022 18:20,21.36,81.72,21.28
1/7/2022 18:21,21.36,82.16,21.28
1/7/2022 18:22,21.32,81.72,21.32
1/7/2022 18:23,21.32,81.72,21.28
1/7/2022 18:24,21.36,81.3,21.28
1/7/2022 18:25,21.32,81.3,21.28
1/7/2022 18:26,21.36,81.3,21.23
1/7/2022 18:27,21.32,80.86,21.28
1/7/2022 18:28,21.36,80.42,21.28
1/7/2022 18:29,21.28,80.86,21.28
1/7/2022 18:30,21.32,80.86,21.28
1/7/2022 18:31,21.28,80.86,21.28
1/7/2022 18:32,21.32,80.86,21.23
1/7/2022 18:33,21.28,80.42,21.23
1/7/2022 18:34,21.32,80.42,21.28
1/7/2022 18:35,21.36,80.86,21.23
1/7/2022 18:36,21.28,80.86,21.28
1/7/2022 18:37,21.28,80.42,21.23
1/7/2022 18:38,21.28,80.42,21.23
1/7/2022 18:39,21.28,80.86,21.19
1/7/2022 18:40,21.28,80.42,21.23
1/7/2022 18:41,21.28,80.42,21.23
1/7/2022 18:42,21.23,79.98,21.23
1/7/2022 18:43,21.32,79.98,21.19
1/7/2022 18:44,21.23,80.42,21.23
1/7/2022 18:45,21.28,80.42,21.15
1/7/2022 18:46,21.28,80.42,21.23
1/7/2022 18:47,21.23,80.42,21.15
1/7/2022 18:48,21.23,80.42,21.15
1/7/2022 18:49,21.23,80.42,21.19
1/7/2022 18:50,21.23,80.42,21.19
1/7/2022 18:51,21.23,80.42,21.19
1/7/2022 18:52,21.23,80.42,21.15
1/7/2022 18:53,21.19,80.42,21.19
1/7/2022 18:54,21.23,80.42,21.15
1/7/2022 18:55,21.23,80.42,21.15
1/7/2022 18:56,21.23,80.42,21.1
1/7/2022 18:57,21.23,80.86,21.15
1/7/2022 18:58,21.23,80.42,21.15
1/7/2022 18:59,21.15,80.42,21.15
1/7/2022 19:00,21.19,80.42,21.15
1/7/2022 19:01,21.19,81.24,21.1
1/7/2022 19:02,21.15,80.42,21.1
1/7/2022 19:03,21.19,80.42,21.1
1/7/2022 19:04,21.19,80.42,21.1
1/7/2022 19:05,21.19,80.42,21.1
1/7/2022 19:06,21.15,80.42,21.1
1/7/2022 19:07,21.1,80.42,21.1
1/7/2022 19:08,21.19,80.42,21.06
1/7/2022 19:09,21.15,80.42,21.1
1/7/2022 19:10,21.15,80.42,21.1
1/7/2022 19:11,21.15,80.42,21.06
1/7/2022 19:12,21.15,80.42,21.06
1/7/2022 19:13,21.15,80.86,21.06
1/7/2022 19:14,21.1,80.42,21.06
1/7/2022 19:15,21.1,80.86,21.06
1/7/2022 19:16,21.1,80.86,21.06
1/7/2022 19:17,21.1,80.42,21.06
1/7/2022 19:18,21.1,80.42,21.06
1/7/2022 19:19,21.06,80.42,21.02
1/7/2022 19:20,21.1,80.42,21.02
1/7/2022 19:21,21.06,80.86,21.02
1/7/2022 19:22,21.15,80.86,21.02
1/7/2022 19:23,21.06,80.42,21.06
1/7/2022 19:24,21.06,80.86,21.02
1/7/2022 19:25,21.02,80.86,21.02
1/7/2022 19:26,21.1,80.42,21.02
1/7/2022 19:27,21.06,80.42,20.98
1/7/2022 19:28,21.06,81.3,21.02
1/7/2022 19:29,21.02,80.86,20.98
1/7/2022 19:30,21.02,80.86,20.98
1/7/2022 19:31,21.02,80.42,20.98
1/7/2022 19:32,21.02,80.42,20.93
1/7/2022 19:33,20.98,80.42,20.93
1/7/2022 19:34,21.02,80.42,20.98
1/7/2022 19:35,20.98,79.98,20.93
1/7/2022 19:36,20.98,79.98,20.93
1/7/2022 19:37,21.02,80.86,20.98
1/7/2022 19:38,20.98,80.42,20.93
1/7/2022 19:39,20.98,79.98,20.98
1/7/2022 19:40,20.93,80.42,20.93
1/7/2022 19:41,20.98,80.86,20.93
1/7/2022 19:42,20.98,79.98,20.89
1/7/2022 19:43,20.93,79.98,20.89
1/7/2022 19:44,20.93,80.42,20.89
1/7/2022 19:45,20.89,79.98,20.89
1/7/2022 19:46,20.89,80.42,20.89
1/7/2022 19:47,20.89,80.42,20.89
1/7/2022 19:48,20.89,80.42,20.85
1/7/2022 19:49,20.93,80.86,20.85
1/7/2022 19:50,20.89,80.42,20.85
1/7/2022 19:51,20.89,80.42,20.89
1/7/2022 19:52,20.89,79.98,20.85
1/7/2022 19:53,20.93,80.42,20.8
1/7/2022 19:54,20.85,80.86,20.8
1/7/2022 19:55,20.85,79.98,20.8
1/7/2022 19:56,20.85,79.98,20.76
1/7/2022 19:57,20.85,79.98,20.8
1/7/2022 19:58,20.85,80.42,20.8
1/7/2022 19:59,20.8,79.98,20.8
1/7/2022 20:00,20.85,3.92,20.8
1/7/2022 20:01,20.85,3.7,20.76
1/7/2022 20:02,20.8,4.13,20.76
1/7/2022 20:03,20.8,4.13,20.76
1/7/2022 20:04,20.76,4.13,20.72
1/7/2022 20:05,20.76,3.48,20.72
1/7/2022 20:06,20.76,3.92,20.72
1/7/2022 20:07,20.76,3.92,20.72
1/7/2022 20:08,20.76,3.7,20.68
1/7/2022 20:09,20.76,3.7,20.63
1/7/2022 20:10,20.76,3.92,20.68
1/7/2022 20:11,20.76,3.92,20.68
1/7/2022 20:12,20.76,3.92,20.68
1/7/2022 20:13,20.72,3.92,20.68
1/7/2022 20:14,20.68,3.7,20.68
1/7/2022 20:15,20.68,3.92,20.63
1/7/2022 20:16,20.68,4.35,20.68
1/7/2022 20:17,20.68,3.7,20.63
1/7/2022 20:18,20.68,3.7,20.59
1/7/2022 20:19,20.68,4.13,20.59
1/7/2022 20:20,20.63,3.48,20.63
1/7/2022 20:21,20.63,3.92,20.59
1/7/2022 20:22,20.63,3.48,20.59
1/7/2022 20:23,20.63,3.48,20.59
1/7/2022 20:24,20.63,3.48,20.55
1/7/2022 20:25,20.59,3.48,20.59
1/7/2022 20:26,20.59,3.48,20.59
1/7/2022 20:27,20.59,3.48,20.55
1/7/2022 20:28,20.59,3.48,20.55
1/7/2022 20:29,20.59,3.48,20.55
1/7/2022 20:30,20.59,3.48,20.55
1/7/2022 20:31,20.59,3.48,20.55
1/7/2022 20:32,20.55,3.48,20.46
1/7/2022 20:33,20.55,3.48,20.55
1/7/2022 20:34,20.55,3.48,20.46
1/7/2022 20:35,20.5,3.48,20.46
1/7/2022 20:36,20.5,3.48,20.46
1/7/2022 20:37,20.55,3.48,20.46
1/7/2022 20:38,20.55,3.48,20.46
1/7/2022 20:39,20.5,3.92,20.46
1/7/2022 20:40,20.5,4.13,20.42
1/7/2022 20:41,20.5,3.92,20.46
1/7/2022 20:42,20.46,3.7,20.42
1/7/2022 20:43,20.46,3.92,20.37
1/7/2022 20:44,20.46,4.57,20.42
1/7/2022 20:45,20.42,3.92,20.37
1/7/2022 20:46,20.46,3.7,20.37
1/7/2022 20:47,20.42,3.7,20.42
1/7/2022 20:48,20.46,3.92,20.37
1/7/2022 20:49,20.46,3.48,20.37
1/7/2022 20:50,20.42,3.7,20.37
1/7/2022 20:51,20.37,3.7,20.37
1/7/2022 20:52,20.42,3.7,20.42
1/7/2022 20:53,20.42,3.7,20.37
1/7/2022 20:54,20.37,4.13,20.37
1/7/2022 20:55,20.37,4.13,20.37
1/7/2022 20:56,20.37,3.7,20.37
1/7/2022 20:57,20.42,3.7,20.33
1/7/2022 20:58,20.33,3.7,20.29
1/7/2022 20:59,20.37,3.92,20.29
1/7/2022 21:00,20.37,3.7,20.33
1/7/2022 21:01,20.37,3.7,20.33
1/7/2022 21:02,20.37,3.48,20.33
1/7/2022 21:03,20.37,3.48,20.33
1/7/2022 21:04,20.33,3.7,20.33
1/7/2022 21:05,20.33,3.7,20.29
1/7/2022 21:06,20.37,3.7,20.29
1/7/2022 21:07,20.33,3.7,20.33
1/7/2022 21:08,20.37,3.48,20.29
1/7/2022 21:09,20.37,3.48,20.25
1/7/2022 21:10,20.33,3.7,20.29
1/7/2022 21:11,20.37,3.7,20.29
1/7/2022 21:12,20.37,3.7,20.29
1/7/2022 21:13,20.33,3.7,20.29
1/7/2022 21:14,20.33,3.92,20.29
1/7/2022 21:15,20.33,3.7,20.29
1/7/2022 21:16,20.37,3.7,20.25
1/7/2022 21:17,20.33,3.48,20.25
1/7/2022 21:18,20.37,3.92,20.25
1/7/2022 21:19,20.33,3.7,20.29
1/7/2022 21:20,20.33,3.7,20.29
1/7/2022 21:21,20.37,3.7,20.29
1/7/2022 21:22,20.33,3.48,20.29
1/7/2022 21:23,20.33,3.7,20.29
1/7/2022 21:24,20.33,3.48,20.25
1/7/2022 21:25,20.29,3.7,20.25
1/7/2022 21:26,20.33,3.7,20.25
1/7/2022 21:27,20.33,3.48,20.29
1/7/2022 21:28,20.29,3.48,20.29
1/7/2022 21:29,20.29,3.7,20.25
1/7/2022 21:30,20.33,3.48,20.29
1/7/2022 21:31,20.29,3.26,20.25
1/7/2022 21:32,20.29,3.48,20.25
1/7/2022 21:33,20.29,3.48,20.25
1/7/2022 21:34,20.29,3.48,20.29
1/7/2022 21:35,20.29,3.48,20.2
1/7/2022 21:36,20.29,3.48,20.2
1/7/2022 21:37,20.25,3.48,20.25
1/7/2022 21:38,20.25,3.48,20.2
1/7/2022 21:39,20.25,3.48,20.25
1/7/2022 21:40,20.25,3.26,20.2
1/7/2022 21:41,20.29,3.48,20.2
1/7/2022 21:42,20.25,3.48,20.2
1/7/2022 21:43,20.25,3.26,20.2
1/7/2022 21:44,20.25,3.48,20.2
1/7/2022 21:45,20.25,3.48,20.16
1/7/2022 21:46,20.25,3.48,20.12
1/7/2022 21:47,20.2,3.48,20.16
1/7/2022 21:48,20.25,3.48,20.12
1/7/2022 21:49,20.25,3.48,20.16
1/7/2022 21:50,20.2,3.26,20.12
1/7/2022 21:51,20.2,3.26,20.16
1/7/2022 21:52,20.2,3.48,20.16
1/7/2022 21:53,20.2,3.7,20.12
1/7/2022 21:54,20.16,3.48,20.07
1/7/2022 21:55,20.16,3.48,20.16
1/7/2022 21:56,20.2,3.92,20.12
1/7/2022 21:57,20.12,3.7,20.07
1/7/2022 21:58,20.16,3.7,20.12
1/7/2022 21:59,20.16,3.26,20.12
1/7/2022 22:00,20.16,3.48,20.07
1/7/2022 22:01,20.16,3.48,20.07
1/7/2022 22:02,20.16,3.48,20.12
1/7/2022 22:03,20.07,3.48,20.07
1/7/2022 22:04,20.07,3.26,20.07
1/7/2022 22:05,20.12,3.48,20.03
1/7/2022 22:06,20.12,3.48,20.07
1/7/2022 22:07,20.07,3.48,20.03
1/7/2022 22:08,20.12,3.48,20.07
1/7/2022 22:09,20.12,3.48,20.03
1/7/2022 22:10,20.12,3.48,20.03
1/7/2022 22:11,20.12,3.48,20.07
1/7/2022 22:12,20.07,3.48,20.07
1/7/2022 22:13,20.03,3.48,20.03
1/7/2022 22:14,20.12,3.48,20.03
1/7/2022 22:15,20.07,3.48,20.03
1/7/2022 22:16,20.07,3.48,20.03
1/7/2022 22:17,20.03,3.48,19.99
1/7/2022 22:18,20.07,3.48,19.99
1/7/2022 22:19,20.03,3.48,19.99
1/7/2022 22:20,20.03,3.48,19.99
1/7/2022 22:21,20.03,3.48,19.95
1/7/2022 22:22,20.07,3.7,19.99
1/7/2022 22:23,20.03,3.48,19.99
1/7/2022 22:24,20.03,3.26,19.99
1/7/2022 22:25,20.03,3.26,19.9
1/7/2022 22:26,20.03,3.48,19.95
1/7/2022 22:27,19.99,3.7,19.99
1/7/2022 22:28,19.99,3.48,19.99
1/7/2022 22:29,19.99,3.48,19.95
1/7/2022 22:30,19.99,3.48,19.9
1/7/2022 22:31,19.99,3.48,19.9
1/7/2022 22:32,19.99,3.48,19.95
1/7/2022 22:33,19.99,3.48,19.95
1/7/2022 22:34,19.95,3.92,19.95
1/7/2022 22:35,19.99,3.48,19.9
1/7/2022 22:36,19.99,3.48,19.95
1/7/2022 22:37,19.95,3.48,19.9
1/7/2022 22:38,19.9,3.48,19.9
1/7/2022 22:39,19.9,3.48,19.9
1/7/2022 22:40,19.95,3.48,19.9
1/7/2022 22:41,19.99,3.48,19.9
1/7/2022 22:42,19.95,3.48,19.9
1/7/2022 22:43,19.95,3.48,19.9
1/7/2022 22:44,19.9,3.48,19.9
1/7/2022 22:45,19.95,3.48,19.86
1/7/2022 22:46,19.95,3.48,19.9
1/7/2022 22:47,19.9,3.48,19.9
1/7/2022 22:48,19.9,3.48,19.9
1/7/2022 22:49,19.9,3.48,19.9
1/7/2022 22:50,19.9,3.48,19.9
1/7/2022 22:51,19.95,3.48,19.86
1/7/2022 22:52,19.9,3.48,19.9
1/7/2022 22:53,19.95,3.48,19.86
1/7/2022 22:54,19.9,3.48,19.9
1/7/2022 22:55,19.86,3.26,19.86
1/7/2022 22:56,19.9,3.48,19.86
1/7/2022 22:57,19.86,3.26,19.82
1/7/2022 22:58,19.86,3.26,19.86
1/7/2022 22:59,19.95,3.48,19.86
1/7/2022 23:00,19.9,3.48,19.82
1/7/2022 23:01,19.9,3.48,19.82
1/7/2022 23:02,19.9,3.48,19.82
1/7/2022 23:03,19.86,3.48,19.82
1/7/2022 23:04,19.9,3.48,19.82
1/7/2022 23:05,19.95,3.48,19.86
1/7/2022 23:06,19.9,3.48,19.77
1/7/2022 23:07,19.9,3.48,19.77
1/7/2022 23:08,19.9,3.48,19.86
1/7/2022 23:09,19.9,3.48,19.82
1/7/2022 23:10,19.9,3.7,19.82
1/7/2022 23:11,19.86,3.48,19.82
1/7/2022 23:12,19.86,3.92,19.82
1/7/2022 23:13,19.86,3.48,19.82
1/7/2022 23:14,19.86,3.48,19.86
1/7/2022 23:15,19.9,3.7,19.82
1/7/2022 23:16,19.9,3.7,19.82
1/7/2022 23:17,19.86,3.48,19.82
1/7/2022 23:18,19.86,3.7,19.77
1/7/2022 23:19,19.82,3.48,19.82
1/7/2022 23:20,19.86,3.48,19.86
1/7/2022 23:21,19.82,3.48,19.82
1/7/2022 23:22,19.86,3.26,19.82
1/7/2022 23:23,19.86,3.26,19.82
1/7/2022 23:24,19.86,3.48,19.82
1/7/2022 23:25,19.86,3.48,19.82
1/7/2022 23:26,19.86,3.26,19.82
1/7/2022 23:27,19.86,3.26,19.82
1/7/2022 23:28,19.86,3.48,19.82
1/7/2022 23:29,19.82,3.26,19.77
1/7/2022 23:30,19.86,3.48,19.77
1/7/2022 23:31,19.86,3.48,19.77
1/7/2022 23:32,19.82,3.48,19.82
1/7/2022 23:33,19.9,3.48,19.82
1/7/2022 23:34,19.86,3.48,19.82
1/7/2022 23:35,19.82,3.26,19.77
1/7/2022 23:36,19.86,3.48,19.82
1/7/2022 23:37,19.86,3.48,19.82
1/7/2022 23:38,19.86,3.48,19.82
1/7/2022 23:39,19.82,3.48,19.73
1/7/2022 23:40,19.86,0,19.82
1/7/2022 23:41,19.86,0,19.77
1/7/2022 23:42,19.86,0,19.77
1/7/2022 23:43,19.86,0,19.77
1/7/2022 23:44,19.86,0,19.77
1/7/2022 23:45,19.82,0,19.77
1/7/2022 23:46,19.86,0,19.82
1/7/2022 23:47,19.86,0,19.77
1/7/2022 23:48,19.82,0,19.73
1/7/2022 23:49,19.82,0,19.73
1/7/2022 23:50,19.82,0,19.73
1/7/2022 23:51,19.82,0,19.77
1/7/2022 23:52,19.82,0,19.73
1/7/2022 23:53,19.77,0,19.73
1/7/2022 23:54,19.77,0,19.69
1/7/2022 23:55,19.77,0,19.69
1/7/2022 23:56,19.82,0,19.69
1/7/2022 23:57,19.77,0,19.69
1/7/2022 23:58,19.73,0,19.73
1/7/2022 23:59,19.82,0,19.69
1/8/2022 0:00,19.73,0,19.73
1/8/2022 0:01,19.73,0,19.69
1/8/2022 0:02,19.77,0,19.69
1/8/2022 0:03,19.73,0,19.69
1/8/2022 0:04,19.77,0.21,19.69
1/8/2022 0:05,19.73,0,19.65
1/8/2022 0:06,19.73,0,19.69
1/8/2022 0:07,19.73,0,19.69
1/8/2022 0:08,19.73,0,19.69
1/8/2022 0:09,19.73,0,19.65
1/8/2022 0:10,19.69,0,19.69
1/8/2022 0:11,19.73,0,19.73
1/8/2022 0:12,19.73,0,19.69
1/8/2022 0:13,19.73,0.21,19.65
1/8/2022 0:14,19.73,0,19.69
1/8/2022 0:15,19.73,0,19.69
1/8/2022 0:16,19.73,0,19.65
1/8/2022 0:17,19.73,0,19.65
1/8/2022 0:18,19.69,0,19.69
1/8/2022 0:19,19.73,0,19.65
1/8/2022 0:20,19.69,0,19.65
1/8/2022 0:21,19.73,0,19.6
1/8/2022 0:22,19.69,0,19.65
1/8/2022 0:23,19.69,0,19.65
1/8/2022 0:24,19.69,0,19.6
1/8/2022 0:25,19.65,0,19.56
1/8/2022 0:26,19.69,0,19.6
1/8/2022 0:27,19.65,0,19.6
1/8/2022 0:28,19.65,0,19.6
1/8/2022 0:29,19.65,0,19.65
1/8/2022 0:30,19.65,0,19.65
1/8/2022 0:31,19.65,0,19.6
1/8/2022 0:32,19.65,0,19.56
1/8/2022 0:33,19.65,0,19.6
1/8/2022 0:34,19.69,0,19.56
1/8/2022 0:35,19.65,0,19.6
1/8/2022 0:36,19.65,0,19.6
1/8/2022 0:37,19.6,0,19.56
1/8/2022 0:38,19.65,0,19.56
1/8/2022 0:39,19.6,0,19.52
1/8/2022 0:40,19.6,0,19.56
1/8/2022 0:41,19.6,0,19.52
1/8/2022 0:42,19.6,0,19.56
1/8/2022 0:43,19.6,0,19.56
1/8/2022 0:44,19.56,0,19.52
1/8/2022 0:45,19.56,0,19.52
1/8/2022 0:46,19.56,0,19.47
1/8/2022 0:47,19.56,0,19.52
1/8/2022 0:48,19.56,0,19.47
1/8/2022 0:49,19.52,0,19.47
1/8/2022 0:50,19.56,0,19.43
1/8/2022 0:51,19.47,0.21,19.43
1/8/2022 0:52,19.52,0,19.47
1/8/2022 0:53,19.52,0,19.43
1/8/2022 0:54,19.52,0,19.43
1/8/2022 0:55,19.47,0,19.43
1/8/2022 0:56,19.47,0,19.43
1/8/2022 0:57,19.47,0,19.39
1/8/2022 0:58,19.43,0,19.39
1/8/2022 0:59,19.43,0,19.39
1/8/2022 1:00,19.43,0,19.43
1/8/2022 1:01,19.43,0,19.35
1/8/2022 1:02,19.39,0,19.39
1/8/2022 1:03,19.43,0,19.39
1/8/2022 1:04,19.35,0,19.39
1/8/2022 1:05,19.39,0,19.35
1/8/2022 1:06,19.39,0,19.35
1/8/2022 1:07,19.39,0,19.35
1/8/2022 1:08,19.35,0,19.35
1/8/2022 1:09,19.35,0,19.3
1/8/2022 1:10,19.39,0,19.3
1/8/2022 1:11,19.35,0,19.26
1/8/2022 1:12,19.35,0,19.3
1/8/2022 1:13,19.3,0,19.3
1/8/2022 1:14,19.35,0,19.3
1/8/2022 1:15,19.3,0,19.3
1/8/2022 1:16,19.3,0,19.26
1/8/2022 1:17,19.26,0,19.26
1/8/2022 1:18,19.3,0,19.22
1/8/2022 1:19,19.26,0,19.26
1/8/2022 1:20,19.3,0,19.26
1/8/2022 1:21,19.26,0,19.22
1/8/2022 1:22,19.26,0,19.22
1/8/2022 1:23,19.26,0,19.22
1/8/2022 1:24,19.26,0,19.17
1/8/2022 1:25,19.22,0,19.17
1/8/2022 1:26,19.22,0,19.17
1/8/2022 1:27,19.22,0,19.17
1/8/2022 1:28,19.17,0,19.13
1/8/2022 1:29,19.22,0.21,19.17
1/8/2022 1:30,19.17,0,19.13
1/8/2022 1:31,19.17,0,19.13
1/8/2022 1:32,19.17,0,19.09
1/8/2022 1:33,19.13,0,19.13
1/8/2022 1:34,19.13,0,19.09
1/8/2022 1:35,19.13,0,19.09
1/8/2022 1:36,19.13,0,19.09
1/8/2022 1:37,19.09,0,19.13
1/8/2022 1:38,19.09,0,19.05
1/8/2022 1:39,19.09,0,19.09
1/8/2022 1:40,19.09,0,19.09
1/8/2022 1:41,19.09,0,19.05
1/8/2022 1:42,19.05,0,19.05
1/8/2022 1:43,19.09,0,19.05
1/8/2022 1:44,19.09,0,19
1/8/2022 1:45,19.05,0,19
1/8/2022 1:46,19.09,0,19
1/8/2022 1:47,19.05,0,19
1/8/2022 1:48,19.05,0,19
1/8/2022 1:49,19.05,0,18.96
1/8/2022 1:50,19.05,0,18.92
1/8/2022 1:51,19,0,19
1/8/2022 1:52,18.96,0,18.96
1/8/2022 1:53,18.96,0,18.92
1/8/2022 1:54,19,0,18.92
1/8/2022 1:55,18.96,0,18.92
1/8/2022 1:56,18.96,0,18.92
1/8/2022 1:57,18.96,0,18.92
1/8/2022 1:58,18.92,0,18.92
1/8/2022 1:59,18.96,0,18.87
1/8/2022 2:00,18.96,0,18.87
1/8/2022 2:01,18.87,0,18.83
1/8/2022 2:02,18.87,0,18.83
1/8/2022 2:03,18.92,0,18.79
1/8/2022 2:04,18.92,0,18.83
1/8/2022 2:05,18.87,0,18.79
1/8/2022 2:06,18.87,0,18.83
1/8/2022 2:07,18.83,0.21,18.79
1/8/2022 2:08,18.83,0,18.79
1/8/2022 2:09,18.83,0,18.79
1/8/2022 2:10,18.83,0,18.79
1/8/2022 2:11,18.79,0,18.79
1/8/2022 2:12,18.79,0,18.79
1/8/2022 2:13,18.83,0,18.74
1/8/2022 2:14,18.79,0,18.79
1/8/2022 2:15,18.79,0,18.74
1/8/2022 2:16,18.79,0,18.79
1/8/2022 2:17,18.74,0,18.74
1/8/2022 2:18,18.79,0,18.7
1/8/2022 2:19,18.79,0,18.7
1/8/2022 2:20,18.74,0,18.7
1/8/2022 2:21,18.7,0,18.66
1/8/2022 2:22,18.7,0,18.66
1/8/2022 2:23,18.7,0,18.7
1/8/2022 2:24,18.7,0,18.66
1/8/2022 2:25,18.7,0,18.62
1/8/2022 2:26,18.7,0,18.62
1/8/2022 2:27,18.66,0,18.66
1/8/2022 2:28,18.66,0,18.66
1/8/2022 2:29,18.7,0,18.62
1/8/2022 2:30,18.7,0,18.62
1/8/2022 2:31,18.7,0,18.62
1/8/2022 2:32,18.66,0,18.66
1/8/2022 2:33,18.66,0,18.57
1/8/2022 2:34,18.62,0,18.53
1/8/2022 2:35,18.66,0,18.57
1/8/2022 2:36,18.62,0,18.62
1/8/2022 2:37,18.62,0,18.62
1/8/2022 2:38,18.62,0,18.53
1/8/2022 2:39,18.57,0,18.57
1/8/2022 2:40,18.57,0,18.53
1/8/2022 2:41,18.57,0,18.53
1/8/2022 2:42,18.57,0,18.49
1/8/2022 2:43,18.53,0,18.53
1/8/2022 2:44,18.57,0,18.49
1/8/2022 2:45,18.57,0.21,18.44
1/8/2022 2:46,18.49,0,18.49
1/8/2022 2:47,18.49,0,18.44
1/8/2022 2:48,18.49,0,18.49
1/8/2022 2:49,18.53,0,18.44
1/8/2022 2:50,18.49,0,18.4
1/8/2022 2:51,18.49,0,18.44
1/8/2022 2:52,18.53,0,18.49
1/8/2022 2:53,18.49,0,18.44
1/8/2022 2:54,18.49,0,18.4
1/8/2022 2:55,18.49,0,18.4
1/8/2022 2:56,18.44,0,18.44
1/8/2022 2:57,18.44,0,18.4
1/8/2022 2:58,18.44,0,18.4
1/8/2022 2:59,18.4,0,18.36
1/8/2022 3:00,18.4,0,18.4
1/8/2022 3:01,18.4,0,18.4
1/8/2022 3:02,18.4,0,18.36
1/8/2022 3:03,18.4,0,18.36
1/8/2022 3:04,18.44,0,18.36
1/8/2022 3:05,18.36,0,18.36
1/8/2022 3:06,18.4,0,18.32
1/8/2022 3:07,18.36,0,18.36
1/8/2022 3:08,18.36,0,18.36
1/8/2022 3:09,18.36,0,18.32
1/8/2022 3:10,18.36,0,18.27
1/8/2022 3:11,18.36,0,18.32
1/8/2022 3:12,18.36,0,18.32
1/8/2022 3:13,18.32,0,18.32
1/8/2022 3:14,18.36,0,18.27
1/8/2022 3:15,18.36,0,18.32
1/8/2022 3:16,18.36,0,18.27
1/8/2022 3:17,18.27,0,18.23
1/8/2022 3:18,18.32,0,18.27
1/8/2022 3:19,18.32,0,18.27
1/8/2022 3:20,18.36,0,18.27
1/8/2022 3:21,18.32,0,18.27
1/8/2022 3:22,18.27,0,18.32
1/8/2022 3:23,18.32,0.21,18.23
1/8/2022 3:24,18.27,0,18.23
1/8/2022 3:25,18.27,0,18.27
1/8/2022 3:26,18.32,0,18.27
1/8/2022 3:27,18.27,0,18.23
1/8/2022 3:28,18.27,0,18.27
1/8/2022 3:29,18.27,0,18.19
1/8/2022 3:30,18.27,0,18.23
1/8/2022 3:31,18.23,0,18.23
1/8/2022 3:32,18.27,0,18.19
1/8/2022 3:33,18.23,0,18.19
1/8/2022 3:34,18.27,0,18.19
1/8/2022 3:35,18.27,0,18.23
1/8/2022 3:36,18.27,0,18.14
1/8/2022 3:37,18.19,0,18.19
1/8/2022 3:38,18.23,0,18.14
1/8/2022 3:39,18.23,0,18.19
1/8/2022 3:40,18.19,0,18.14
1/8/2022 3:41,18.19,0,18.19
1/8/2022 3:42,18.23,0,18.1
1/8/2022 3:43,18.23,0,18.1
1/8/2022 3:44,18.14,0,18.14
1/8/2022 3:45,18.19,0,18.14
1/8/2022 3:46,18.19,0,18.14
1/8/2022 3:47,18.14,0,18.19
1/8/2022 3:48,18.19,0,18.1
1/8/2022 3:49,18.14,0,18.1
1/8/2022 3:50,18.14,0,18.1
1/8/2022 3:51,18.14,0,18.1
1/8/2022 3:52,18.14,0,18.1
1/8/2022 3:53,18.14,0,18.14
1/8/2022 3:54,18.14,0,18.06
1/8/2022 3:55,18.14,0,18.06
1/8/2022 3:56,18.1,0,18.1
1/8/2022 3:57,18.1,0,18.06
1/8/2022 3:58,18.06,0,18.06
1/8/2022 3:59,18.1,0,18.02
1/8/2022 4:00,18.06,0,17.97
1/8/2022 4:01,18.1,0.21,18.02
1/8/2022 4:02,18.1,0,18.02
1/8/2022 4:03,18.06,0,18.02
1/8/2022 4:04,18.1,0,18.02
1/8/2022 4:05,18.06,0,18.06
1/8/2022 4:06,18.02,0,17.97
1/8/2022 4:07,18.1,0,18.02
1/8/2022 4:08,18.02,0,17.97
1/8/2022 4:09,18.06,0,18.02
1/8/2022 4:10,18.02,0,18.02
1/8/2022 4:11,17.97,0,17.93
1/8/2022 4:12,18.02,0,18.02
1/8/2022 4:13,18.02,0,17.97
1/8/2022 4:14,18.02,0,17.93
1/8/2022 4:15,17.97,0,17.97
1/8/2022 4:16,17.97,0,17.93
1/8/2022 4:17,17.97,0,17.93
1/8/2022 4:18,17.97,0,17.93
1/8/2022 4:19,17.97,0,17.97
1/8/2022 4:20,17.97,0,17.93
1/8/2022 4:21,17.97,0,17.89
1/8/2022 4:22,17.97,0,17.89
1/8/2022 4:23,17.97,0,17.93
1/8/2022 4:24,17.93,0,17.97
1/8/2022 4:25,17.97,0,17.93
1/8/2022 4:26,17.93,0,17.89
1/8/2022 4:27,17.93,0,17.89
1/8/2022 4:28,17.93,0,17.89
1/8/2022 4:29,17.93,0,17.89
1/8/2022 4:30,17.93,0,17.89
1/8/2022 4:31,17.89,0,17.84
1/8/2022 4:32,17.97,0,17.84
1/8/2022 4:33,17.89,0,17.89
1/8/2022 4:34,17.89,0,17.89
1/8/2022 4:35,17.89,0,17.84
1/8/2022 4:36,17.89,0,17.89
1/8/2022 4:37,17.89,0,17.84
1/8/2022 4:38,17.89,0,17.8
1/8/2022 4:39,17.89,0.21,17.8
1/8/2022 4:40,17.89,0,17.84
1/8/2022 4:41,17.89,0,17.8
1/8/2022 4:42,17.89,0,17.84
1/8/2022 4:43,17.89,0,17.8
1/8/2022 4:44,17.84,0,17.8
1/8/2022 4:45,17.84,0,17.76
1/8/2022 4:46,17.84,0,17.8
1/8/2022 4:47,17.8,0,17.8
1/8/2022 4:48,17.84,0,17.8
1/8/2022 4:49,17.84,0,17.8
1/8/2022 4:50,17.84,0,17.76
1/8/2022 4:51,17.89,0,17.8
1/8/2022 4:52,17.8,0,17.76
1/8/2022 4:53,17.8,0,17.76
1/8/2022 4:54,17.84,0,17.76
1/8/2022 4:55,17.89,0,17.8
1/8/2022 4:56,17.8,0,17.76
1/8/2022 4:57,17.84,0,17.8
1/8/2022 4:58,17.89,0,17.84
1/8/2022 4:59,17.93,0,17.89
1/8/2022 5:00,17.93,0,17.89
1/8/2022 5:01,17.93,0,17.93
1/8/2022 5:02,17.97,0,17.97
1/8/2022 5:03,18.02,0,17.97
1/8/2022 5:04,18.06,0,18.02
1/8/2022 5:05,18.14,0,18.1
1/8/2022 5:06,18.14,0,18.1
1/8/2022 5:07,18.23,0,18.14
1/8/2022 5:08,18.23,0,18.14
1/8/2022 5:09,18.27,0,18.27
1/8/2022 5:10,18.36,0,18.27
1/8/2022 5:11,18.4,0,18.36
1/8/2022 5:12,18.44,0,18.36
1/8/2022 5:13,18.49,0,18.44
1/8/2022 5:14,18.57,0,18.49
1/8/2022 5:15,18.57,0,18.49
1/8/2022 5:16,18.62,0,18.53
1/8/2022 5:17,18.66,0.21,18.57
1/8/2022 5:18,18.62,0,18.53
1/8/2022 5:19,18.74,0,18.62
1/8/2022 5:20,18.7,0,18.66
1/8/2022 5:21,18.74,0,18.66
1/8/2022 5:22,18.79,0,18.7
1/8/2022 5:23,18.74,0,18.7
1/8/2022 5:24,18.74,0,18.7
1/8/2022 5:25,18.79,0,18.74
1/8/2022 5:26,18.83,0,18.7
1/8/2022 5:27,18.87,0,18.74
1/8/2022 5:28,18.83,0,18.74
1/8/2022 5:29,18.87,0,18.74
1/8/2022 5:30,18.87,0,18.74
1/8/2022 5:31,18.87,0,18.79
1/8/2022 5:32,18.87,0,18.79
1/8/2022 5:33,18.87,0,18.79
1/8/2022 5:34,18.83,0,18.74
1/8/2022 5:35,18.87,0,18.83
1/8/2022 5:36,18.87,0,18.79
1/8/2022 5:37,18.87,0,18.79
1/8/2022 5:38,18.83,0,18.74
1/8/2022 5:39,18.83,0,18.83
1/8/2022 5:40,18.83,0,18.79
1/8/2022 5:41,18.87,0,18.79
1/8/2022 5:42,18.87,0,18.79
1/8/2022 5:43,18.87,0,18.83
1/8/2022 5:44,18.92,0,18.87
1/8/2022 5:45,18.92,0,18.83
1/8/2022 5:46,18.96,0,18.87
1/8/2022 5:47,18.96,0,18.92
1/8/2022 5:48,18.96,0,18.92
1/8/2022 5:49,19.05,0,18.92
1/8/2022 5:50,19,0,18.92
1/8/2022 5:51,19,0,18.96
1/8/2022 5:52,19.05,0,19
1/8/2022 5:53,19.09,0,19
1/8/2022 5:54,19.05,0,19
1/8/2022 5:55,19.09,0.21,19
1/8/2022 5:56,19.05,0,19
1/8/2022 5:57,19.09,0,19
1/8/2022 5:58,19.13,0,19.05
1/8/2022 5:59,19.09,0,19.05
1/8/2022 6:00,19.09,0,19
1/8/2022 6:01,19.09,0,19
1/8/2022 6:02,19.05,0,19.05
1/8/2022 6:03,19.09,0,19
1/8/2022 6:04,19.05,0,19
1/8/2022 6:05,19.09,0,19
1/8/2022 6:06,19.05,0,19
1/8/2022 6:07,19.05,0,19
1/8/2022 6:08,19.05,0,19
1/8/2022 6:09,19.05,0,18.96
1/8/2022 6:10,19.09,0,19
1/8/2022 6:11,19.05,0,18.96
1/8/2022 6:12,19.05,0,18.96
1/8/2022 6:13,19.05,0,19
1/8/2022 6:14,19.05,0,19
1/8/2022 6:15,19,0,18.92
1/8/2022 6:16,19,0,18.92
1/8/2022 6:17,18.96,0,18.87
1/8/2022 6:18,19,0,18.92
1/8/2022 6:19,18.92,0,18.87
1/8/2022 6:20,18.96,0,18.87
1/8/2022 6:21,18.92,0,18.87
1/8/2022 6:22,18.96,0,18.87
1/8/2022 6:23,18.87,0,18.87
1/8/2022 6:24,18.92,0,18.83
1/8/2022 6:25,18.92,0,18.83
1/8/2022 6:26,18.87,0,18.79
1/8/2022 6:27,18.87,0,18.83
1/8/2022 6:28,18.87,0,18.79
1/8/2022 6:29,18.87,0,18.79
1/8/2022 6:30,18.87,0,18.83
1/8/2022 6:31,18.92,0,18.87
1/8/2022 6:32,18.92,0,18.87
1/8/2022 6:33,18.96,0.21,18.87
1/8/2022 6:34,18.96,0,18.92
1/8/2022 6:35,18.96,0,18.92
1/8/2022 6:36,19,0,18.96
1/8/2022 6:37,19,0,18.96
1/8/2022 6:38,19,0,18.96
1/8/2022 6:39,19,0,18.96
1/8/2022 6:40,19.05,0,18.96
1/8/2022 6:41,19.05,0,19
1/8/2022 6:42,19,0,19
1/8/2022 6:43,19.05,0,19.05
1/8/2022 6:44,19.05,0,18.96
1/8/2022 6:45,19.05,0,19
1/8/2022 6:46,19.05,0,19
1/8/2022 6:47,19.05,0,18.96
1/8/2022 6:48,19.09,0,19
1/8/2022 6:49,19.05,0,19
1/8/2022 6:50,19.05,0.21,19
1/8/2022 6:51,19.05,0.21,19.05
1/8/2022 6:52,19.09,0.21,19
1/8/2022 6:53,19.05,0.43,19
1/8/2022 6:54,19.05,0.43,18.96
1/8/2022 6:55,19,0.65,19
1/8/2022 6:56,19.05,0.87,18.96
1/8/2022 6:57,19.05,1.08,19
1/8/2022 6:58,19.05,1.3,19
1/8/2022 6:59,19,1.74,18.92
1/8/2022 7:00,19,2.17,18.96
1/8/2022 7:01,19,2.61,18.96
1/8/2022 7:02,19,3.26,18.96
1/8/2022 7:03,18.96,3.92,18.96
1/8/2022 7:04,19,4.57,18.96
1/8/2022 7:05,18.96,5.66,18.92
1/8/2022 7:06,18.96,6.75,18.92
1/8/2022 7:07,18.96,8.27,18.92
1/8/2022 7:08,18.96,9.17,18.87
1/8/2022 7:09,18.92,11.13,18.92
1/8/2022 7:10,19,13.09,18.87
1/8/2022 7:11,18.96,15.08,18.87
1/8/2022 7:12,18.92,18.1,18.87
1/8/2022 7:13,18.87,20.93,18.87
1/8/2022 7:14,18.92,23.79,18.87
1/8/2022 7:15,18.87,26.87,18.87
1/8/2022 7:16,18.92,30.6,18.79
1/8/2022 7:17,18.92,34.14,18.83
1/8/2022 7:18,18.92,38.93,18.79
1/8/2022 7:19,18.83,42.9,18.79
1/8/2022 7:20,18.87,48.56,18.83
1/8/2022 7:21,18.87,53.4,18.83
1/8/2022 7:22,18.87,58.7,18.83
1/8/2022 7:23,18.83,65.22,18.83
1/8/2022 7:24,18.92,72.2,18.83
1/8/2022 7:25,18.92,78.78,18.92
1/8/2022 7:26,18.96,85.8,18.92
1/8/2022 7:27,18.96,93.64,18.96
1/8/2022 7:28,19,100.72,18.92
1/8/2022 7:29,19.05,109.44,19
1/8/2022 7:30,19.05,117.4,18.92
1/8/2022 7:31,19.05,127.84,19
1/8/2022 7:32,19.05,135.8,19
1/8/2022 7:33,19.05,146.24,19.05
1/8/2022 7:34,19.09,158.44,19.05
1/8/2022 7:35,19.09,167.28,19
1/8/2022 7:36,19.09,176.96,19.05
1/8/2022 7:37,19.09,189.28,19.05
1/8/2022 7:38,19.13,201.44,19.05
1/8/2022 7:39,19.13,213.84,19.05
1/8/2022 7:40,19.13,227.76,19.05
1/8/2022 7:41,19.09,240.88,19.09
1/8/2022 7:42,19.13,255.04,19.09
1/8/2022 7:43,19.13,266.32,19.09
1/8/2022 7:44,19.13,286.64,19.09
1/8/2022 7:45,19.17,318.16,19.09
1/8/2022 7:46,19.17,378.08,19.09
1/8/2022 7:47,19.22,468.64,19.13
1/8/2022 7:48,19.26,582.4,19.13
1/8/2022 7:49,19.3,744,19.22
1/8/2022 7:50,19.39,939.84,19.26
1/8/2022 7:51,19.47,1123.84,19.3
1/8/2022 7:52,19.6,1264.96,19.39
1/8/2022 7:53,19.69,1373.44,19.39
1/8/2022 7:54,19.77,1713.28,19.52
1/8/2022 7:55,19.86,1816.96,19.56
1/8/2022 7:56,19.99,1733.76,19.6
1/8/2022 7:57,20.07,1714.56,19.65
1/8/2022 7:58,20.03,1373.44,19.73
1/8/2022 7:59,20.07,1451.52,19.73
1/8/2022 8:00,20.16,1690.88,19.82
1/8/2022 8:01,20.29,1625.6,19.95
1/8/2022 8:02,20.33,1493.76,19.95
1/8/2022 8:03,20.37,1612.16,19.99
1/8/2022 8:04,20.46,1539.2,20.07
1/8/2022 8:05,20.55,1696.64,20.12
1/8/2022 8:06,20.63,1623.68,20.16
1/8/2022 8:07,20.76,2024.32,20.25
1/8/2022 8:08,20.85,2259.84,20.33
1/8/2022 8:09,20.98,2426.88,20.46
1/8/2022 8:10,21.02,2900.48,20.46
1/8/2022 8:11,21.19,4561.92,20.55
1/8/2022 8:12,21.4,5608.96,20.68
1/8/2022 8:13,21.58,5488.64,20.72
1/8/2022 8:14,21.66,4707.84,20.76
1/8/2022 8:15,21.88,6167.04,20.85
1/8/2022 8:16,22.13,6041.6,20.93
1/8/2022 8:17,22.31,5153.28,20.98
1/8/2022 8:18,22.43,4275.2,21.1
1/8/2022 8:19,22.52,3383.04,21.19
1/8/2022 8:20,22.52,2851.84,21.23
1/8/2022 8:21,22.56,2535.04,21.28
1/8/2022 8:22,22.65,2711.04,21.4
1/8/2022 8:23,22.69,2551.04,21.45
1/8/2022 8:24,22.73,2759.68,21.53
1/8/2022 8:25,22.82,2946.56,21.62
1/8/2022 8:26,22.82,2984.96,21.7
1/8/2022 8:27,22.95,3028.48,21.75
1/8/2022 8:28,22.95,3034.88,21.88
1/8/2022 8:29,22.99,3048.96,21.96
1/8/2022 8:30,23.12,3078.4,22.01
1/8/2022 8:31,23.12,3123.2,22.09
1/8/2022 8:32,23.16,3151.36,22.22
1/8/2022 8:33,23.16,3151.36,22.26
1/8/2022 8:34,23.21,3132.16,22.35
1/8/2022 8:35,23.21,3101.44,22.35
1/8/2022 8:36,23.25,3096.32,22.48
1/8/2022 8:37,23.29,3110.4,22.52
1/8/2022 8:38,23.29,3127.04,22.73
1/8/2022 8:39,23.34,3161.6,22.86
1/8/2022 8:40,23.38,3248.64,23.08
1/8/2022 8:41,23.46,3522.56,23.25
1/8/2022 8:42,23.55,4209.92,23.42
1/8/2022 8:43,23.64,5527.04,23.55
1/8/2022 8:44,23.81,7316.48,23.68
1/8/2022 8:45,24.02,9374.72,23.72
1/8/2022 8:46,24.36,11018.24,23.76
1/8/2022 8:47,24.58,11980.8,23.76
1/8/2022 8:48,24.88,12262.4,23.72
1/8/2022 8:49,25.09,12410.88,23.72
1/8/2022 8:50,25.35,12134.4,23.72
1/8/2022 8:51,25.48,11212.8,23.76
1/8/2022 8:52,25.61,9902.08,23.85
1/8/2022 8:53,25.69,8258.56,23.85
1/8/2022 8:54,25.78,6471.68,23.98
1/8/2022 8:55,25.78,5021.44,24.11
1/8/2022 8:56,25.78,4279.04,24.32
1/8/2022 8:57,25.69,4139.52,24.49
1/8/2022 8:58,25.78,4272.64,24.66
1/8/2022 8:59,25.78,4839.68,24.84
1/8/2022 9:00,25.87,6082.56,24.92
1/8/2022 9:01,25.95,7854.08,25.05
1/8/2022 9:02,26.12,9917.44,25.09
1/8/2022 9:03,26.3,11960.32,25.05
1/8/2022 9:04,26.51,13649.92,25.01
1/8/2022 9:05,26.72,14781.44,24.88
1/8/2022 9:06,26.94,15257.6,24.88
1/8/2022 9:07,27.15,15528.96,24.79
1/8/2022 9:08,27.28,15365.12,24.75
1/8/2022 9:09,27.45,14602.24,24.84
1/8/2022 9:10,27.54,13332.48,24.92
1/8/2022 9:11,27.54,11678.72,25.09
1/8/2022 9:12,27.58,9533.44,25.31
1/8/2022 9:13,27.63,7421.44,25.57
1/8/2022 9:14,27.54,5831.68,25.82
1/8/2022 9:15,27.45,5021.44,26.04
1/8/2022 9:16,27.41,4938.24,26.21
1/8/2022 9:17,27.41,5585.92,26.38
1/8/2022 9:18,27.41,6881.28,26.42
1/8/2022 9:19,27.5,8816.64,26.47
1/8/2022 9:20,27.63,11197.44,26.42
1/8/2022 9:21,27.75,13603.84,26.34
1/8/2022 9:22,27.97,15595.52,26.17
1/8/2022 9:23,28.14,16670.72,26.04
1/8/2022 9:24,28.31,16936.96,25.99
1/8/2022 9:25,28.53,16522.24,25.91
1/8/2022 9:26,28.61,15605.76,25.99
1/8/2022 9:27,28.7,14064.64,26.08
1/8/2022 9:28,28.74,12994.56,26.25
1/8/2022 9:29,28.7,12334.08,26.42
1/8/2022 9:30,28.7,10967.04,26.68
1/8/2022 9:31,28.7,8885.76,26.98
1/8/2022 9:32,28.7,6968.32,27.15
1/8/2022 9:33,28.53,5598.72,27.32
1/8/2022 9:34,28.48,5237.76,27.45
1/8/2022 9:35,28.44,5980.16,27.5
1/8/2022 9:36,28.44,7464.96,27.5
1/8/2022 9:37,28.53,9625.6,27.41
1/8/2022 9:38,28.57,12042.24,27.32
1/8/2022 9:39,28.74,14371.84,27.15
1/8/2022 9:40,28.87,16174.08,26.98
1/8/2022 9:41,29.13,17121.28,26.85
1/8/2022 9:42,29.26,17484.8,26.9
1/8/2022 9:43,29.43,17756.16,26.9
1/8/2022 9:44,29.51,18007.04,26.98
1/8/2022 9:45,29.6,17653.76,27.28
1/8/2022 9:46,29.64,16537.6,27.5
1/8/2022 9:47,29.73,14755.84,27.8
1/8/2022 9:48,29.68,12636.16,28.01
1/8/2022 9:49,29.73,10536.96,28.27
1/8/2022 9:50,29.64,8412.16,28.35
1/8/2022 9:51,29.51,6676.48,28.48
1/8/2022 9:52,29.43,5898.24,28.48
1/8/2022 9:53,29.3,6540.8,28.44
1/8/2022 9:54,29.3,8104.96,28.31
1/8/2022 9:55,29.3,10216.96,28.14
1/8/2022 9:56,29.38,12492.8,27.93
1/8/2022 9:57,29.47,14699.52,27.71
1/8/2022 9:58,29.56,16737.28,27.58
1/8/2022 9:59,29.77,18222.08,27.45
1/8/2022 10:00,29.86,18887.68,27.41
1/8/2022 10:01,29.94,18974.72,27.45
1/8/2022 10:02,30.03,18698.24,27.54
1/8/2022 10:03,30.03,17832.96,27.45
1/8/2022 10:04,30.03,16128,27.37
1/8/2022 10:05,29.86,13322.24,27.24
1/8/2022 10:06,29.73,9792,27.11
1/8/2022 10:07,29.6,6727.68,27.02
1/8/2022 10:08,29.21,5063.68,26.9
1/8/2022 10:09,28.91,4394.24,26.77
1/8/2022 10:10,28.57,4125.44,26.68
1/8/2022 10:11,28.31,4017.92,26.64
1/8/2022 10:12,28.23,3971.84,26.64
1/8/2022 10:13,28.01,3916.8,26.6
1/8/2022 10:14,27.88,3878.4,26.51
1/8/2022 10:15,27.71,3860.48,26.51
1/8/2022 10:16,27.58,3850.24,26.47
1/8/2022 10:17,27.5,3840,26.47
1/8/2022 10:18,27.45,3836.16,26.47
1/8/2022 10:19,27.37,3832.32,26.42
1/8/2022 10:20,27.28,3822.08,26.47
1/8/2022 10:21,27.24,3811.84,26.47
1/8/2022 10:22,27.2,3815.68,26.42
1/8/2022 10:23,27.2,3822.08,26.47
1/8/2022 10:24,27.15,3825.92,26.42
1/8/2022 10:25,27.07,3825.92,26.42
1/8/2022 10:26,27.07,3846.4,26.38
1/8/2022 10:27,27.07,3898.88,26.42
1/8/2022 10:28,27.02,3941.12,26.42
1/8/2022 10:29,27.02,3979.52,26.47
1/8/2022 10:30,27.07,3985.92,26.51
1/8/2022 10:31,27.02,3989.76,26.51
1/8/2022 10:32,27.07,3965.44,26.55
1/8/2022 10:33,27.02,3916.8,26.55
1/8/2022 10:34,27.07,3902.72,26.55
1/8/2022 10:35,27.07,3884.8,26.55
1/8/2022 10:36,27.02,3854.08,26.6
1/8/2022 10:37,27.07,3850.24,26.6
1/8/2022 10:38,27.07,3854.08,26.64
1/8/2022 10:39,27.07,3854.08,26.68
1/8/2022 10:40,27.07,3868.16,26.68
1/8/2022 10:41,27.07,3613.44,26.68
1/8/2022 10:42,27.07,3777.28,26.68
1/8/2022 10:43,27.07,3884.8,26.72
1/8/2022 10:44,27.07,3892.48,26.72
1/8/2022 10:45,27.07,3882.24,26.72
1/8/2022 10:46,27.07,3896.32,26.77
1/8/2022 10:47,27.11,3906.56,26.77
1/8/2022 10:48,27.11,3930.88,26.81
1/8/2022 10:49,27.15,3912.96,26.81
1/8/2022 10:50,27.11,3568.64,26.85
1/8/2022 10:51,27.07,3898.88,26.85
1/8/2022 10:52,27.07,3941.12,26.85
1/8/2022 10:53,27.11,3937.28,26.9
1/8/2022 10:54,27.15,3944.96,26.94
1/8/2022 10:55,27.11,3983.36,26.94
1/8/2022 10:56,27.15,3985.92,26.98
1/8/2022 10:57,27.15,3933.44,27.02
1/8/2022 10:58,27.11,3923.2,27.07
1/8/2022 10:59,27.15,3927.04,27.15
1/8/2022 11:00,27.15,3989.76,27.15
1/8/2022 11:01,27.15,4014.08,27.24
1/8/2022 11:02,27.15,4066.56,27.24
1/8/2022 11:03,27.2,4121.6,27.28
1/8/2022 11:04,27.2,4147.2,27.32
1/8/2022 11:05,27.2,4202.24,27.37
1/8/2022 11:06,27.24,4250.88,27.41
1/8/2022 11:07,27.28,3662.08,27.41
1/8/2022 11:08,27.28,4293.12,27.45
1/8/2022 11:09,27.32,4359.68,27.5
1/8/2022 11:10,27.32,4163.84,27.54
1/8/2022 11:11,27.41,4648.96,27.54
1/8/2022 11:12,27.45,4857.6,27.54
1/8/2022 11:13,27.45,5185.28,27.58
1/8/2022 11:14,27.54,5560.32,27.63
1/8/2022 11:15,27.54,5908.48,27.63
1/8/2022 11:16,27.58,4968.96,27.63
1/8/2022 11:17,27.67,5913.6,27.63
1/8/2022 11:18,27.71,5742.08,27.71
1/8/2022 11:19,27.71,5570.56,27.71
1/8/2022 11:20,27.71,5216,27.71
1/8/2022 11:21,27.75,5039.36,27.71
1/8/2022 11:22,27.75,4993.28,27.71
1/8/2022 11:23,27.84,5063.68,27.75
1/8/2022 11:24,27.8,5021.44,27.8
1/8/2022 11:25,27.8,5227.52,27.84
1/8/2022 11:26,27.8,5391.36,27.88
1/8/2022 11:27,27.88,5537.28,27.84
1/8/2022 11:28,27.88,5693.44,27.88
1/8/2022 11:29,27.97,5793.28,27.88
1/8/2022 11:30,27.97,5806.08,27.88
1/8/2022 11:31,27.97,5752.32,27.93
1/8/2022 11:32,28.01,5760,27.93
1/8/2022 11:33,28.05,5752.32,27.93
1/8/2022 11:34,28.1,5642.24,27.88
1/8/2022 11:35,28.14,5557.76,27.84
1/8/2022 11:36,28.1,5422.08,27.88
1/8/2022 11:37,28.1,5253.12,27.93
1/8/2022 11:38,28.1,5146.88,27.88
1/8/2022 11:39,28.1,5059.84,27.88
1/8/2022 11:40,28.14,4979.2,27.84
1/8/2022 11:41,28.1,4924.16,27.84
1/8/2022 11:42,28.14,4944.64,27.8
1/8/2022 11:43,28.14,4983.04,27.8
1/8/2022 11:44,28.14,5011.2,27.8
1/8/2022 11:45,28.1,5059.84,27.8
1/8/2022 11:46,28.1,5003.52,27.8
1/8/2022 11:47,28.05,4683.52,27.8
1/8/2022 11:48,28.05,4352,27.75
1/8/2022 11:49,28.05,4163.84,27.8
1/8/2022 11:50,28.01,4104.96,27.8
1/8/2022 11:51,28.01,4094.72,27.8
1/8/2022 11:52,28.01,4028.16,27.84
1/8/2022 11:53,28.01,3955.2,27.84
1/8/2022 11:54,27.97,3955.2,27.88
1/8/2022 11:55,27.97,3951.36,27.84
1/8/2022 11:56,28.01,3923.2,27.88
1/8/2022 11:57,27.97,4014.08,27.88
1/8/2022 11:58,28.01,4032,27.88
1/8/2022 11:59,28.01,3961.6,27.93
1/8/2022 12:00,28.05,3937.28,27.93
1/8/2022 12:01,28.05,3979.52,27.97
1/8/2022 12:02,28.05,3961.6,28.01
1/8/2022 12:03,28.01,3959.04,28.01
1/8/2022 12:04,28.01,3969.28,28.01
1/8/2022 12:05,28.1,4000,28.05
1/8/2022 12:06,28.05,3564.8,28.1
1/8/2022 12:07,28.1,4032,28.1
1/8/2022 12:08,28.1,4042.24,28.14
1/8/2022 12:09,28.14,4032,28.14
1/8/2022 12:10,28.14,4024.32,28.14
1/8/2022 12:11,28.18,3989.76,28.18
1/8/2022 12:12,28.18,3979.52,28.23
1/8/2022 12:13,28.18,3927.04,28.18
1/8/2022 12:14,28.23,3870.72,28.31
1/8/2022 12:15,28.23,3955.2,28.31
1/8/2022 12:16,28.27,3965.44,28.31
1/8/2022 12:17,28.27,3969.28,28.31
1/8/2022 12:18,28.27,3959.04,28.27
1/8/2022 12:19,28.23,3965.44,28.27
1/8/2022 12:20,28.23,3969.28,28.27
1/8/2022 12:21,28.23,3983.36,28.27
1/8/2022 12:22,28.23,3971.84,28.27
1/8/2022 12:23,28.14,3944.96,28.18
1/8/2022 12:24,28.18,3870.72,28.27
1/8/2022 12:25,28.18,3902.72,28.31
1/8/2022 12:26,28.27,3923.2,28.31
1/8/2022 12:27,28.31,3888.64,28.35
1/8/2022 12:28,28.31,3898.88,28.4
1/8/2022 12:29,28.31,3941.12,28.31
1/8/2022 12:30,28.31,3930.88,28.31
1/8/2022 12:31,28.35,3920.64,28.35
1/8/2022 12:32,28.4,3920.64,28.35
1/8/2022 12:33,28.35,3909.12,28.4
1/8/2022 12:34,28.4,3902.72,28.4
1/8/2022 12:35,28.4,3651.84,28.4
1/8/2022 12:36,28.4,3857.92,28.44
1/8/2022 12:37,28.4,3836.16,28.44
1/8/2022 12:38,28.44,3843.84,28.48
1/8/2022 12:39,28.44,3836.16,28.48
1/8/2022 12:40,28.48,3805.44,28.48
1/8/2022 12:41,28.53,3808,28.53
1/8/2022 12:42,28.53,3797.76,28.57
1/8/2022 12:43,28.53,3797.76,28.53
1/8/2022 12:44,28.57,3795.2,28.57
1/8/2022 12:45,28.57,3787.52,28.61
1/8/2022 12:46,28.61,3781.12,28.65
1/8/2022 12:47,28.61,3773.44,28.7
1/8/2022 12:48,28.65,3759.36,28.74
1/8/2022 12:49,28.7,3874.56,28.74
1/8/2022 12:50,28.74,3870.72,28.83
1/8/2022 12:51,28.78,3857.92,28.83
1/8/2022 12:52,28.78,3752.96,28.87
1/8/2022 12:53,28.78,3767.04,28.87
1/8/2022 12:54,28.83,3864.32,28.91
1/8/2022 12:55,28.83,3781.12,28.91
1/8/2022 12:56,28.87,3773.44,28.95
1/8/2022 12:57,28.91,3874.56,28.95
1/8/2022 12:58,28.91,3860.48,29
1/8/2022 12:59,28.95,3811.84,29
1/8/2022 13:00,28.91,3850.24,29.04
1/8/2022 13:01,28.95,3767.04,29.04
1/8/2022 13:02,29,3759.36,29.08
1/8/2022 13:03,28.91,3781.12,29.13
1/8/2022 13:04,28.95,3756.8,29.13
1/8/2022 13:05,29,3756.8,29.13
1/8/2022 13:06,28.95,3756.8,29.17
1/8/2022 13:07,28.95,3752.96,29.17
1/8/2022 13:08,28.95,3759.36,29.17
1/8/2022 13:09,28.91,3763.2,29.17
1/8/2022 13:10,29,3763.2,29.26
1/8/2022 13:11,29,3767.04,29.21
1/8/2022 13:12,28.95,3763.2,29.21
1/8/2022 13:13,29,3756.8,29.21
1/8/2022 13:14,29,3756.8,29.26
1/8/2022 13:15,29,3749.12,29.21
1/8/2022 13:16,29,3749.12,29.26
1/8/2022 13:17,28.95,3749.12,29.26
1/8/2022 13:18,28.91,3738.88,29.21
1/8/2022 13:19,28.95,3745.28,29.3
1/8/2022 13:20,28.91,3742.72,29.17
1/8/2022 13:21,28.87,3742.72,29.21
1/8/2022 13:22,28.91,3745.28,29.21
1/8/2022 13:23,28.91,3749.12,29.21
1/8/2022 13:24,28.91,3745.28,29.26
1/8/2022 13:25,28.91,3745.28,29.21
1/8/2022 13:26,28.91,3738.88,29.3
1/8/2022 13:27,28.91,3728.64,29.21
1/8/2022 13:28,28.95,3732.48,29.26
1/8/2022 13:29,29,3728.64,29.3
1/8/2022 13:30,28.95,3720.96,29.3
1/8/2022 13:31,28.95,3724.8,29.34
1/8/2022 13:32,28.95,3718.4,29.34
1/8/2022 13:33,28.95,3714.56,29.34
1/8/2022 13:34,29,3704.32,29.34
1/8/2022 13:35,28.95,3700.48,29.3
1/8/2022 13:36,28.91,3694.08,29.34
1/8/2022 13:37,28.95,3682.56,29.34
1/8/2022 13:38,28.95,3682.56,29.38
1/8/2022 13:39,29,3680,29.38
1/8/2022 13:40,28.95,3680,29.34
1/8/2022 13:41,28.95,3672.32,29.34
1/8/2022 13:42,28.91,3662.08,29.34
1/8/2022 13:43,28.91,3644.16,29.38
1/8/2022 13:44,28.91,3637.76,29.38
1/8/2022 13:45,28.91,3617.28,29.38
1/8/2022 13:46,28.91,3609.6,29.3
1/8/2022 13:47,28.87,3589.12,29.38
1/8/2022 13:48,28.83,3564.8,29.34
1/8/2022 13:49,28.87,3545.6,29.38
1/8/2022 13:50,28.83,3527.68,29.38
1/8/2022 13:51,28.83,3507.2,29.34
1/8/2022 13:52,28.83,3488,29.38
1/8/2022 13:53,28.78,3458.56,29.34
1/8/2022 13:54,28.78,3415.04,29.34
1/8/2022 13:55,28.74,3372.8,29.3
1/8/2022 13:56,28.74,3329.28,29.3
1/8/2022 13:57,28.7,3274.24,29.3
1/8/2022 13:58,28.7,3216.64,29.3
1/8/2022 13:59,28.7,3136,29.3
1/8/2022 14:00,28.65,3068.16,29.21
1/8/2022 14:01,28.57,3005.44,29.21
1/8/2022 14:02,28.57,2959.36,29.21
1/8/2022 14:03,28.53,2896.64,29.17
1/8/2022 14:04,28.53,2846.72,29.13
1/8/2022 14:05,28.44,2784,29.04
1/8/2022 14:06,28.44,2727.68,29.04
1/8/2022 14:07,28.4,2684.16,29
1/8/2022 14:08,28.4,2650.88,29
1/8/2022 14:09,28.31,2632.96,28.87
1/8/2022 14:10,28.27,2578.56,28.83
1/8/2022 14:11,28.18,2538.88,28.78
1/8/2022 14:12,28.18,2474.24,28.7
1/8/2022 14:13,28.1,2428.8,28.61
1/8/2022 14:14,28.1,2376.32,28.61
1/8/2022 14:15,28.01,2312.32,28.53
1/8/2022 14:16,27.93,2263.04,28.44
1/8/2022 14:17,27.88,2202.24,28.44
1/8/2022 14:18,27.88,2161.92,28.35
1/8/2022 14:19,27.8,2134.4,28.31
1/8/2022 14:20,27.8,2127.36,28.31
1/8/2022 14:21,27.75,2141.44,28.27
1/8/2022 14:22,27.71,2158.72,28.18
1/8/2022 14:23,27.67,2165.76,28.18
1/8/2022 14:24,27.67,2156.8,28.18
1/8/2022 14:25,27.63,2139.52,28.14
1/8/2022 14:26,27.54,2120.32,28.14
1/8/2022 14:27,27.54,2110.08,28.05
1/8/2022 14:28,27.5,2125.44,27.97
1/8/2022 14:29,27.5,2190.08,28.05
1/8/2022 14:30,27.5,2216.32,28.01
1/8/2022 14:31,27.5,2223.36,27.93
1/8/2022 14:32,27.45,2176,27.97
1/8/2022 14:33,27.41,2101.12,27.93
1/8/2022 14:34,27.41,2012.16,27.93
1/8/2022 14:35,27.32,1937.28,27.84
1/8/2022 14:36,27.32,1891.84,27.8
1/8/2022 14:37,27.28,1905.92,27.8
1/8/2022 14:38,27.28,1927.04,27.71
1/8/2022 14:39,27.15,1991.68,27.67
1/8/2022 14:40,27.24,2014.08,27.67
1/8/2022 14:41,27.15,2024.32,27.63
1/8/2022 14:42,27.15,2035.2,27.58
1/8/2022 14:43,27.11,2042.24,27.63
1/8/2022 14:44,27.11,2050.56,27.58
1/8/2022 14:45,27.11,2073.6,27.58
1/8/2022 14:46,27.07,2101.12,27.58
1/8/2022 14:47,27.02,2110.08,27.54
1/8/2022 14:48,27.07,2118.4,27.5
1/8/2022 14:49,27.02,2127.36,27.45
1/8/2022 14:50,26.98,2142.72,27.45
1/8/2022 14:51,26.94,2160.64,27.45
1/8/2022 14:52,26.94,2155.52,27.37
1/8/2022 14:53,26.94,2141.44,27.37
1/8/2022 14:54,26.9,2146.56,27.32
1/8/2022 14:55,26.9,2118.4,27.32
1/8/2022 14:56,26.85,2059.52,27.32
1/8/2022 14:57,26.81,2019.2,27.24
1/8/2022 14:58,26.81,1975.68,27.28
1/8/2022 14:59,26.77,1946.24,27.2
1/8/2022 15:00,26.77,1920,27.2
1/8/2022 15:01,26.72,1916.16,27.2
1/8/2022 15:02,26.72,1928.96,27.11
1/8/2022 15:03,26.68,1937.28,27.15
1/8/2022 15:04,26.68,1928.96,27.15
1/8/2022 15:05,26.64,1911.04,27.11
1/8/2022 15:06,26.68,1897.6,27.07
1/8/2022 15:07,26.68,1876.48,27.07
1/8/2022 15:08,26.64,1841.28,27.02
1/8/2022 15:09,26.6,1803.52,27.02
1/8/2022 15:10,26.55,1761.28,26.98
1/8/2022 15:11,26.6,1731.84,26.98
1/8/2022 15:12,26.55,1715.84,26.94
1/8/2022 15:13,26.51,1729.92,26.94
1/8/2022 15:14,26.55,1763.2,26.9
1/8/2022 15:15,26.55,1797.76,26.94
1/8/2022 15:16,26.51,1813.76,26.9
1/8/2022 15:17,26.55,1841.28,26.9
1/8/2022 15:18,26.47,1867.52,26.9
1/8/2022 15:19,26.47,1878.4,26.9
1/8/2022 15:20,26.47,1881.6,26.94
1/8/2022 15:21,26.51,1898.88,26.9
1/8/2022 15:22,26.47,1884.8,26.85
1/8/2022 15:23,26.51,1869.44,26.85
1/8/2022 15:24,26.47,1852.16,26.85
1/8/2022 15:25,26.47,1827.84,26.9
1/8/2022 15:26,26.47,1804.8,26.85
1/8/2022 15:27,26.47,1785.6,26.81
1/8/2022 15:28,26.42,1763.2,26.81
1/8/2022 15:29,26.38,1752.96,26.81
1/8/2022 15:30,26.38,1747.2,26.81
1/8/2022 15:31,26.42,1744,26.81
1/8/2022 15:32,26.42,1744,26.77
1/8/2022 15:33,26.38,1733.76,26.77
1/8/2022 15:34,26.38,1726.72,26.77
1/8/2022 15:35,26.38,1731.84,26.72
1/8/2022 15:36,26.38,1740.8,26.77
1/8/2022 15:37,26.38,1742.08,26.77
1/8/2022 15:38,26.38,1744,26.72
1/8/2022 15:39,26.38,1744,26.77
1/8/2022 15:40,26.34,1744,26.68
1/8/2022 15:41,26.34,1758.08,26.68
1/8/2022 15:42,26.38,1763.2,26.72
1/8/2022 15:43,26.34,1777.28,26.68
1/8/2022 15:44,26.34,1796.48,26.72
1/8/2022 15:45,26.34,1824,26.68
1/8/2022 15:46,26.34,1836.16,26.68
1/8/2022 15:47,26.34,1841.28,26.68
1/8/2022 15:48,26.25,1841.28,26.64
1/8/2022 15:49,26.34,1838.08,26.68
1/8/2022 15:50,26.25,1838.08,26.64
1/8/2022 15:51,26.25,1832.96,26.68
1/8/2022 15:52,26.25,1816.96,26.68
1/8/2022 15:53,26.25,1803.52,26.64
1/8/2022 15:54,26.25,1794.56,26.64
1/8/2022 15:55,26.3,1777.28,26.6
1/8/2022 15:56,26.21,1761.28,26.6
1/8/2022 15:57,26.17,1733.76,26.64
1/8/2022 15:58,26.17,1707.52,26.6
1/8/2022 15:59,26.17,1684.48,26.6
1/8/2022 16:00,26.17,1665.28,26.55
1/8/2022 16:01,26.17,1646.08,26.6
1/8/2022 16:02,26.12,1628.16,26.51
1/8/2022 16:03,26.08,1606.4,26.51
1/8/2022 16:04,26.08,1585.28,26.55
1/8/2022 16:05,26.08,1569.92,26.47
1/8/2022 16:06,26.04,1550.72,26.55
1/8/2022 16:07,26.04,1531.52,26.47
1/8/2022 16:08,26.04,1507.84,26.42
1/8/2022 16:09,25.95,1483.52,26.42
1/8/2022 16:10,25.91,1457.28,26.38
1/8/2022 16:11,25.91,1413.76,26.34
1/8/2022 16:12,25.91,1370.24,26.34
1/8/2022 16:13,25.87,1327.36,26.34
1/8/2022 16:14,25.82,1276.16,26.3
1/8/2022 16:15,25.82,1226.56,26.25
1/8/2022 16:16,25.78,1173.44,26.25
1/8/2022 16:17,25.78,1085.44,26.17
1/8/2022 16:18,25.69,922.56,26.17
1/8/2022 16:19,25.61,708.48,26.08
1/8/2022 16:20,25.57,531.36,25.95
1/8/2022 16:21,25.48,425.92,25.87
1/8/2022 16:22,25.39,365.28,25.78
1/8/2022 16:23,25.31,324.08,25.69
1/8/2022 16:24,25.27,297.68,25.61
1/8/2022 16:25,25.14,285.52,25.52
1/8/2022 16:26,25.09,279.2,25.44
1/8/2022 16:27,25.01,272.24,25.35
1/8/2022 16:28,24.97,265.28,25.27
1/8/2022 16:29,24.92,260,25.22
1/8/2022 16:30,24.84,253.04,25.14
1/8/2022 16:31,24.79,245.2,25.09
1/8/2022 16:32,24.71,239.76,25.01
1/8/2022 16:33,24.71,232.8,24.92
1/8/2022 16:34,24.62,225.84,24.84
1/8/2022 16:35,24.54,218.88,24.79
1/8/2022 16:36,24.49,212.8,24.75
1/8/2022 16:37,24.49,205.76,24.66
1/8/2022 16:38,24.41,197.92,24.62
1/8/2022 16:39,24.32,192.48,24.49
1/8/2022 16:40,24.32,184.64,24.54
1/8/2022 16:41,24.24,176.8,24.41
1/8/2022 16:42,24.15,169.84,24.41
1/8/2022 16:43,24.15,164.56,24.32
1/8/2022 16:44,24.15,157.56,24.24
1/8/2022 16:45,24.06,149.72,24.24
1/8/2022 16:46,23.98,143.52,24.11
1/8/2022 16:47,23.94,136.56,24.11
1/8/2022 16:48,23.94,128.72,24.06
1/8/2022 16:49,23.85,123.36,23.98
1/8/2022 16:50,23.81,116.4,23.98
1/8/2022 16:51,23.81,109.44,23.94
1/8/2022 16:52,23.72,100.6,23.89
1/8/2022 16:53,23.68,93.64,23.81
1/8/2022 16:54,23.64,86.68,23.76
1/8/2022 16:55,23.68,81.4,23.72
1/8/2022 16:56,23.55,75.3,23.72
1/8/2022 16:57,23.55,70.02,23.64
1/8/2022 16:58,23.51,64.74,23.59
1/8/2022 16:59,23.46,59.08,23.51
1/8/2022 17:00,23.42,54.22,23.51
1/8/2022 17:01,23.42,49,23.46
1/8/2022 17:02,23.38,44.58,23.42
1/8/2022 17:03,23.29,39.8,23.42
1/8/2022 17:04,23.29,35.44,23.34
1/8/2022 17:05,23.21,32.34,23.29
1/8/2022 17:06,23.21,27.98,23.25
1/8/2022 17:07,23.16,24.5,23.21
1/8/2022 17:08,23.08,21.86,23.16
1/8/2022 17:09,23.08,19.22,23.12
1/8/2022 17:10,23.03,17.23,23.08
1/8/2022 17:11,22.99,14.83,23.08
1/8/2022 17:12,22.99,13.09,22.99
1/8/2022 17:13,22.95,11.1,22.99
1/8/2022 17:14,22.91,9.58,22.95
1/8/2022 17:15,22.86,8.05,22.86
1/8/2022 17:16,22.82,6.75,22.86
1/8/2022 17:17,22.82,5.66,22.82
1/8/2022 17:18,22.78,4.79,22.73
1/8/2022 17:19,22.73,3.92,22.78
1/8/2022 17:20,22.69,3.26,22.69
1/8/2022 17:21,22.69,2.61,22.69
1/8/2022 17:22,22.65,2.17,22.65
1/8/2022 17:23,22.61,1.74,22.65
1/8/2022 17:24,22.61,1.3,22.65
1/8/2022 17:25,22.56,1.08,22.56
1/8/2022 17:26,22.48,0.87,22.52
1/8/2022 17:27,22.48,0.65,22.52
1/8/2022 17:28,22.48,0.43,22.43
1/8/2022 17:29,22.43,0.43,22.43
1/8/2022 17:30,22.39,0.21,22.43
1/8/2022 17:31,22.35,0.21,22.39
1/8/2022 17:32,22.39,0.21,22.39
1/8/2022 17:33,22.35,0,22.31
1/8/2022 17:34,22.31,0,22.31
1/8/2022 17:35,22.22,0,22.26
1/8/2022 17:36,22.22,0,22.22
1/8/2022 17:37,22.22,0,22.22
1/8/2022 17:38,22.22,0,22.13
1/8/2022 17:39,22.18,0,22.18
1/8/2022 17:40,22.13,0,22.13
1/8/2022 17:41,22.09,0,22.13
1/8/2022 17:42,22.05,0,22.05
1/8/2022 17:43,22.09,0,22.01
1/8/2022 17:44,22.01,0,22.01
1/8/2022 17:45,22.01,0,21.96
1/8/2022 17:46,22.01,0,21.96
1/8/2022 17:47,21.96,0,21.92
1/8/2022 17:48,21.92,0,21.96
1/8/2022 17:49,21.88,0,21.92
1/8/2022 17:50,21.88,0.21,21.83
1/8/2022 17:51,21.92,0,21.83
1/8/2022 17:52,21.88,0,21.83
1/8/2022 17:53,21.83,0,21.79
1/8/2022 17:54,21.79,0,21.79
1/8/2022 17:55,21.79,0,21.75
1/8/2022 17:56,21.79,0,21.7
1/8/2022 17:57,21.79,0,21.66
1/8/2022 17:58,21.75,0,21.7
1/8/2022 17:59,21.66,0,21.7
1/8/2022 18:00,21.66,0,21.66
1/8/2022 18:01,21.66,0,21.66
1/8/2022 18:02,21.62,0,21.58
1/8/2022 18:03,21.62,0,21.58
1/8/2022 18:04,21.58,0,21.58
1/8/2022 18:05,21.58,0,21.53
1/8/2022 18:06,21.53,0,21.53
1/8/2022 18:07,21.49,0,21.49
1/8/2022 18:08,21.49,79.54,21.49
1/8/2022 18:09,21.49,79.98,21.45
1/8/2022 18:10,21.49,79.98,21.4
1/8/2022 18:11,21.53,80.42,21.45
1/8/2022 18:12,21.45,81.24,21.4
1/8/2022 18:13,21.45,79.98,21.4
1/8/2022 18:14,21.4,79.54,21.36
1/8/2022 18:15,21.4,79.54,21.36
1/8/2022 18:16,21.36,79.54,21.36
1/8/2022 18:17,21.36,79.12,21.32
1/8/2022 18:18,21.32,79.12,21.32
1/8/2022 18:19,21.28,79.12,21.28
1/8/2022 18:20,21.32,78.68,21.28
1/8/2022 18:21,21.36,78.68,21.28
1/8/2022 18:22,21.28,78.68,21.23
1/8/2022 18:23,21.23,78.24,21.23
1/8/2022 18:24,21.28,78.24,21.28
1/8/2022 18:25,21.28,78.24,21.23
1/8/2022 18:26,21.28,78.24,21.19
1/8/2022 18:27,21.23,78.24,21.19
1/8/2022 18:28,21.23,79.12,21.23
1/8/2022 18:29,21.28,77.8,21.23
1/8/2022 18:30,21.19,77.8,21.19
1/8/2022 18:31,21.19,78.24,21.15
1/8/2022 18:32,21.15,77.8,21.19
1/8/2022 18:33,21.19,77.8,21.15
1/8/2022 18:34,21.19,77.36,21.15
1/8/2022 18:35,21.15,77.36,21.1
1/8/2022 18:36,21.15,77.36,21.1
1/8/2022 18:37,21.1,77.36,21.1
1/8/2022 18:38,21.15,77.8,21.06
1/8/2022 18:39,21.15,77.36,21.1
1/8/2022 18:40,21.15,77.36,21.1
1/8/2022 18:41,21.06,77.36,21.02
1/8/2022 18:42,21.06,77.36,21.1
1/8/2022 18:43,21.1,77.36,21.06
1/8/2022 18:44,21.06,77.36,21.06
1/8/2022 18:45,21.06,77.8,21.02
1/8/2022 18:46,21.06,77.8,21.02
1/8/2022 18:47,21.02,77.36,20.93
1/8/2022 18:48,21.02,77.36,21.02
1/8/2022 18:49,21.06,77.36,20.98
1/8/2022 18:50,20.98,76.94,20.98
1/8/2022 18:51,21.02,76.94,20.98
1/8/2022 18:52,21.02,77.36,20.98
1/8/2022 18:53,21.02,76.94,20.98
1/8/2022 18:54,21.02,77.36,20.98
1/8/2022 18:55,20.93,76.94,20.93
1/8/2022 18:56,20.98,77.36,20.89
1/8/2022 18:57,20.98,77.36,20.89
1/8/2022 18:58,20.93,77.36,20.89
1/8/2022 18:59,20.93,77.36,20.85
1/8/2022 19:00,20.93,77.36,20.85
1/8/2022 19:01,20.89,77.36,20.85
1/8/2022 19:02,20.89,77.36,20.89
1/8/2022 19:03,20.93,77.36,20.89
1/8/2022 19:04,20.93,77.36,20.85
1/8/2022 19:05,20.89,77.36,20.8
1/8/2022 19:06,20.89,77.8,20.8
1/8/2022 19:07,20.93,76.94,20.8
1/8/2022 19:08,20.89,77.36,20.8
1/8/2022 19:09,20.85,77.36,20.76
1/8/2022 19:10,20.85,76.94,20.8
1/8/2022 19:11,20.8,77.36,20.76
1/8/2022 19:12,20.76,77.36,20.76
1/8/2022 19:13,20.8,77.36,20.8
1/8/2022 19:14,20.8,77.36,20.76
1/8/2022 19:15,20.8,77.36,20.76
1/8/2022 19:16,20.8,77.36,20.72
1/8/2022 19:17,20.8,77.36,20.72
1/8/2022 19:18,20.76,77.36,20.76
1/8/2022 19:19,20.76,76.94,20.72
1/8/2022 19:20,20.76,77.36,20.72
1/8/2022 19:21,20.76,76.94,20.72
1/8/2022 19:22,20.72,77.36,20.72
1/8/2022 19:23,20.72,76.94,20.72
1/8/2022 19:24,20.72,76.94,20.72
1/8/2022 19:25,20.72,76.94,20.72
1/8/2022 19:26,20.76,77.36,20.63
1/8/2022 19:27,20.68,76.94,20.68
1/8/2022 19:28,20.72,77.36,20.63
1/8/2022 19:29,20.72,77.36,20.63
1/8/2022 19:30,20.68,76.94,20.59
1/8/2022 19:31,20.63,77.8,20.63
1/8/2022 19:32,20.68,76.94,20.63
1/8/2022 19:33,20.63,77.36,20.59
1/8/2022 19:34,20.68,76.94,20.55
1/8/2022 19:35,20.68,76.94,20.59
1/8/2022 19:36,20.59,77.36,20.63
1/8/2022 19:37,20.59,76.94,20.59
1/8/2022 19:38,20.63,77.36,20.63
1/8/2022 19:39,20.59,77.36,20.55
1/8/2022 19:40,20.59,77.36,20.55
1/8/2022 19:41,20.59,77.36,20.59
1/8/2022 19:42,20.55,77.36,20.5
1/8/2022 19:43,20.55,77.36,20.5
1/8/2022 19:44,20.55,77.36,20.55
1/8/2022 19:45,20.55,76.94,20.55
1/8/2022 19:46,20.59,77.36,20.5
1/8/2022 19:47,20.55,77.36,20.5
1/8/2022 19:48,20.55,77.36,20.5
1/8/2022 19:49,20.55,77.36,20.46
1/8/2022 19:50,20.5,77.36,20.42
1/8/2022 19:51,20.5,77.36,20.46
1/8/2022 19:52,20.5,77.36,20.46
1/8/2022 19:53,20.55,76.94,20.46
1/8/2022 19:54,20.5,77.36,20.42
1/8/2022 19:55,20.46,76.94,20.42
1/8/2022 19:56,20.5,77.36,20.42
1/8/2022 19:57,20.46,77.36,20.42
1/8/2022 19:58,20.46,77.36,20.42
1/8/2022 19:59,20.5,77.36,20.42
1/8/2022 20:00,20.37,77.36,20.37
1/8/2022 20:01,20.46,77.36,20.42
1/8/2022 20:02,20.37,77.36,20.37
1/8/2022 20:03,20.42,77.36,20.42
1/8/2022 20:04,20.42,76.94,20.37
1/8/2022 20:05,20.37,77.36,20.33
1/8/2022 20:06,20.37,76.94,20.33
1/8/2022 20:07,20.37,77.36,20.33
1/8/2022 20:08,20.42,77.36,20.37
1/8/2022 20:09,20.42,77.36,20.33
1/8/2022 20:10,20.42,77.36,20.33
1/8/2022 20:11,20.33,77.36,20.33
1/8/2022 20:12,20.37,77.36,20.33
1/8/2022 20:13,20.33,76.5,20.33
1/8/2022 20:14,20.33,77.36,20.29
1/8/2022 20:15,20.33,77.36,20.29
1/8/2022 20:16,20.29,76.94,20.29
1/8/2022 20:17,20.33,77.36,20.29
1/8/2022 20:18,20.33,76.94,20.25
1/8/2022 20:19,20.29,76.94,20.29
1/8/2022 20:20,20.29,76.94,20.25
1/8/2022 20:21,20.29,76.94,20.25
1/8/2022 20:22,20.29,77.8,20.29
1/8/2022 20:23,20.29,76.94,20.25
1/8/2022 20:24,20.29,77.36,20.25
1/8/2022 20:25,20.25,76.94,20.25
1/8/2022 20:26,20.2,77.36,20.25
1/8/2022 20:27,20.29,76.94,20.16
1/8/2022 20:28,20.25,77.36,20.2
1/8/2022 20:29,20.25,77.36,20.16
1/8/2022 20:30,20.2,77.36,20.2
1/8/2022 20:31,20.25,77.36,20.16
1/8/2022 20:32,20.2,76.94,20.12
1/8/2022 20:33,20.2,77.36,20.16
1/8/2022 20:34,20.2,80.86,20.16
1/8/2022 20:35,20.16,80.42,20.16
1/8/2022 20:36,20.2,80.42,20.16
1/8/2022 20:37,20.16,80.42,20.2
1/8/2022 20:38,20.2,80.86,20.12
1/8/2022 20:39,20.2,80.42,20.12
1/8/2022 20:40,20.12,80.42,20.12
1/8/2022 20:41,20.16,80.42,20.07
1/8/2022 20:42,20.16,80.42,20.12
1/8/2022 20:43,20.12,80.86,20.07
1/8/2022 20:44,20.12,81.3,20.07
1/8/2022 20:45,20.16,80.86,20.12
1/8/2022 20:46,20.12,80.86,20.12
1/8/2022 20:47,20.12,81.72,20.12
1/8/2022 20:48,20.12,81.3,20.07
1/8/2022 20:49,20.12,81.3,20.07
1/8/2022 20:50,20.12,81.3,20.03
1/8/2022 20:51,20.07,80.86,20.03
1/8/2022 20:52,20.12,80.86,20.03
1/8/2022 20:53,20.07,81.3,20.03
1/8/2022 20:54,20.07,81.72,20.03
1/8/2022 20:55,20.07,81.3,20.03
1/8/2022 20:56,20.03,81.3,20.03
1/8/2022 20:57,20.07,81.3,19.99
1/8/2022 20:58,20.07,81.3,20.03
1/8/2022 20:59,20.07,80.86,19.99
1/8/2022 21:00,20.03,81.3,19.99
1/8/2022 21:01,20.07,81.3,20.03
1/8/2022 21:02,20.03,80.86,20.03
1/8/2022 21:03,20.07,80.86,20.03
1/8/2022 21:04,20.03,81.3,19.99
1/8/2022 21:05,20.03,80.86,19.99
1/8/2022 21:06,20.07,80.86,20.03
1/8/2022 21:07,20.07,80.86,19.99
1/8/2022 21:08,20.07,80.86,19.99
1/8/2022 21:09,20.07,80.86,19.95
1/8/2022 21:10,19.99,81.3,19.99
1/8/2022 21:11,20.03,80.86,19.95
1/8/2022 21:12,19.99,80.86,19.99
1/8/2022 21:13,19.99,80.86,19.99
1/8/2022 21:14,20.03,80.86,19.95
1/8/2022 21:15,19.99,80.86,19.9
1/8/2022 21:16,19.99,80.86,19.99
1/8/2022 21:17,19.99,80.86,19.99
1/8/2022 21:18,19.99,81.3,19.99
1/8/2022 21:19,19.95,80.86,19.95
1/8/2022 21:20,20.03,81.3,19.99
1/8/2022 21:21,20.03,80.86,19.95
1/8/2022 21:22,19.95,80.86,19.95
1/8/2022 21:23,20.03,81.3,19.9
1/8/2022 21:24,19.99,81.72,19.9
1/8/2022 21:25,19.95,81.3,19.9
1/8/2022 21:26,19.95,81.3,19.9
1/8/2022 21:27,19.95,80.86,19.95
1/8/2022 21:28,19.95,80.86,19.95
1/8/2022 21:29,19.99,80.86,19.9
1/8/2022 21:30,19.99,80.86,19.9
1/8/2022 21:31,19.95,81.3,19.9
1/8/2022 21:32,19.95,81.3,19.9
1/8/2022 21:33,19.95,81.3,19.9
1/8/2022 21:34,19.95,81.3,19.9
1/8/2022 21:35,19.9,80.86,19.86
1/8/2022 21:36,19.95,81.3,19.9
1/8/2022 21:37,19.95,80.86,19.9
1/8/2022 21:38,19.86,80.86,19.9
1/8/2022 21:39,19.95,80.86,19.86
1/8/2022 21:40,19.95,80.86,19.86
1/8/2022 21:41,19.9,80.86,19.86
1/8/2022 21:42,19.9,80.86,19.86
1/8/2022 21:43,19.9,80.86,19.86
1/8/2022 21:44,19.9,80.86,19.86
1/8/2022 21:45,19.86,80.86,19.82
1/8/2022 21:46,19.9,80.86,19.82
1/8/2022 21:47,19.9,81.3,19.86
1/8/2022 21:48,19.9,80.86,19.86
1/8/2022 21:49,19.86,81.3,19.82
1/8/2022 21:50,19.86,80.86,19.82
1/8/2022 21:51,19.9,80.86,19.77
1/8/2022 21:52,19.86,80.86,19.82
1/8/2022 21:53,19.86,80.86,19.86
1/8/2022 21:54,19.86,81.3,19.86
1/8/2022 21:55,19.86,81.3,19.82
1/8/2022 21:56,19.9,81.72,19.82
1/8/2022 21:57,19.86,80.86,19.77
1/8/2022 21:58,19.86,80.86,19.77
1/8/2022 21:59,19.86,80.86,19.77
1/8/2022 22:00,19.86,80.86,19.77
1/8/2022 22:01,19.86,81.3,19.77
1/8/2022 22:02,19.86,81.3,19.77
1/8/2022 22:03,19.82,81.3,19.77
1/8/2022 22:04,19.82,81.3,19.77
1/8/2022 22:05,19.82,81.72,19.73
1/8/2022 22:06,19.82,81.3,19.77
1/8/2022 22:07,19.77,80.86,19.73
1/8/2022 22:08,19.82,80.86,19.77
1/8/2022 22:09,19.82,80.86,19.73
1/8/2022 22:10,19.77,80.86,19.77
1/8/2022 22:11,19.82,80.86,19.73
1/8/2022 22:12,19.82,80.86,19.77
1/8/2022 22:13,19.77,80.86,19.69
1/8/2022 22:14,19.82,81.3,19.73
1/8/2022 22:15,19.82,81.3,19.73
1/8/2022 22:16,19.82,81.3,19.73
1/8/2022 22:17,19.77,81.3,19.73
1/8/2022 22:18,19.77,81.3,19.73
1/8/2022 22:19,19.77,81.3,19.69
1/8/2022 22:20,19.82,80.86,19.73
1/8/2022 22:21,19.73,81.3,19.73
1/8/2022 22:22,19.77,81.72,19.73
1/8/2022 22:23,19.77,81.3,19.69
1/8/2022 22:24,19.73,81.3,19.69
1/8/2022 22:25,19.73,81.3,19.65
1/8/2022 22:26,19.73,81.3,19.69
1/8/2022 22:27,19.69,81.3,19.69
1/8/2022 22:28,19.73,81.3,19.69
1/8/2022 22:29,19.73,80.86,19.65
1/8/2022 22:30,19.73,80.86,19.73
1/8/2022 22:31,19.73,80.86,19.69
1/8/2022 22:32,19.73,3.48,19.73
1/8/2022 22:33,19.73,3.48,19.73
1/8/2022 22:34,19.69,3.48,19.73
1/8/2022 22:35,19.73,3.48,19.65
1/8/2022 22:36,19.73,3.48,19.65
1/8/2022 22:37,19.69,3.48,19.65
1/8/2022 22:38,19.69,3.48,19.65
1/8/2022 22:39,19.69,3.92,19.65
1/8/2022 22:40,19.69,3.48,19.6
1/8/2022 22:41,19.69,3.48,19.6
1/8/2022 22:42,19.65,3.48,19.6
1/8/2022 22:43,19.65,3.48,19.6
1/8/2022 22:44,19.65,3.7,19.6
1/8/2022 22:45,19.65,3.48,19.6
1/8/2022 22:46,19.65,3.48,19.65
1/8/2022 22:47,19.69,0,19.6
1/8/2022 22:48,19.65,0,19.56
1/8/2022 22:49,19.6,0,19.56
1/8/2022 22:50,19.56,0,19.56
1/8/2022 22:51,19.6,0,19.52
1/8/2022 22:52,19.6,0,19.56
1/8/2022 22:53,19.56,0,19.56
1/8/2022 22:54,19.56,0,19.52
1/8/2022 22:55,19.6,0,19.56
1/8/2022 22:56,19.56,0,19.52
1/8/2022 22:57,19.6,0,19.52
1/8/2022 22:58,19.52,0,19.47
1/8/2022 22:59,19.56,0,19.52
1/8/2022 23:00,19.52,0,19.43
1/8/2022 23:01,19.52,0,19.43
1/8/2022 23:02,19.56,0,19.47
1/8/2022 23:03,19.47,0,19.47
1/8/2022 23:04,19.47,0,19.43
1/8/2022 23:05,19.52,0,19.43
1/8/2022 23:06,19.47,0,19.43
1/8/2022 23:07,19.47,0,19.39
1/8/2022 23:08,19.43,0,19.47
1/8/2022 23:09,19.39,0,19.39
1/8/2022 23:10,19.39,0,19.35
1/8/2022 23:11,19.39,0,19.39
1/8/2022 23:12,19.39,0,19.35
1/8/2022 23:13,19.39,0,19.35
1/8/2022 23:14,19.39,0,19.35
1/8/2022 23:15,19.35,0,19.39
1/8/2022 23:16,19.35,0,19.3
1/8/2022 23:17,19.35,0.21,19.3
1/8/2022 23:18,19.35,0,19.35
1/8/2022 23:19,19.3,0,19.26
1/8/2022 23:20,19.3,0,19.26
1/8/2022 23:21,19.26,0,19.26
1/8/2022 23:22,19.26,0,19.22
1/8/2022 23:23,19.26,0,19.22
1/8/2022 23:24,19.26,0,19.17
1/8/2022 23:25,19.26,0,19.22
1/8/2022 23:26,19.22,0,19.17
1/8/2022 23:27,19.26,0,19.17
1/8/2022 23:28,19.22,0,19.13
1/8/2022 23:29,19.22,0,19.17
1/8/2022 23:30,19.22,0,19.13
1/8/2022 23:31,19.22,0,19.13
1/8/2022 23:32,19.17,0,19.13
1/8/2022 23:33,19.17,0,19.09
1/8/2022 23:34,19.17,0,19.09
1/8/2022 23:35,19.13,0,19.13
1/8/2022 23:36,19.17,0,19.09
1/8/2022 23:37,19.09,0,19.09
1/8/2022 23:38,19.09,0,19.05
1/8/2022 23:39,19.09,0,19.09
1/8/2022 23:40,19.09,0,19.05
1/8/2022 23:41,19.09,0,19.09
1/8/2022 23:42,19.05,0,19.05
1/8/2022 23:43,19.09,0,19
1/8/2022 23:44,19.09,0,19.05
1/8/2022 23:45,19,0,19.05
1/8/2022 23:46,19,0,18.96
1/8/2022 23:47,19.05,0,19
1/8/2022 23:48,19.05,0,19
1/8/2022 23:49,19,0,18.96
1/8/2022 23:50,19,0,18.96
1/8/2022 23:51,19,0,18.96
1/8/2022 23:52,18.96,0,18.92
1/8/2022 23:53,18.96,0,18.92
1/8/2022 23:54,19,0,18.87
1/8/2022 23:55,18.96,0.21,18.92
1/8/2022 23:56,18.92,0,18.92
1/8/2022 23:57,18.96,0,18.87
1/8/2022 23:58,18.92,0,18.92
1/8/2022 23:59,18.92,0,18.87
